-- phpMyAdmin SQL Dump
-- version 5.2.1
-- https://www.phpmyadmin.net/
--
-- Servidor: 127.0.0.1
-- Tiempo de generación: 23-05-2024 a las 14:26:31
-- Versión del servidor: 10.4.32-MariaDB
-- Versión de PHP: 8.2.12

SET SQL_MODE = "NO_AUTO_VALUE_ON_ZERO";
START TRANSACTION;
SET time_zone = "+00:00";


/*!40101 SET @OLD_CHARACTER_SET_CLIENT=@@CHARACTER_SET_CLIENT */;
/*!40101 SET @OLD_CHARACTER_SET_RESULTS=@@CHARACTER_SET_RESULTS */;
/*!40101 SET @OLD_COLLATION_CONNECTION=@@COLLATION_CONNECTION */;
/*!40101 SET NAMES utf8mb4 */;

--
-- Base de datos: `tiendaonline`
--

-- --------------------------------------------------------

--
-- Estructura de tabla para la tabla `admin`
--

CREATE TABLE `admin` (
  `id` int(11) NOT NULL,
  `usuario` varchar(30) NOT NULL,
  `password` varchar(120) NOT NULL,
  `nombre` varchar(100) NOT NULL,
  `email` varchar(50) NOT NULL,
  `token_password` varchar(40) NOT NULL,
  `password_request` tinyint(4) NOT NULL,
  `activo` tinyint(4) NOT NULL,
  `fecha_alta` datetime NOT NULL
) ENGINE=InnoDB DEFAULT CHARSET=utf8mb4 COLLATE=utf8mb4_general_ci;

--
-- Volcado de datos para la tabla `admin`
--

INSERT INTO `admin` (`id`, `usuario`, `password`, `nombre`, `email`, `token_password`, `password_request`, `activo`, `fecha_alta`) VALUES
(1, 'admin', '$2y$10$1IGpCnL5SpvaoALuPpHVQuhOWUFKl6aUJ679BIl.FkVJF4KADcVf.', 'Administrador', 'mark.wg2001@gmail.com', '', 0, 1, '2024-03-18 18:19:31');

-- --------------------------------------------------------

--
-- Estructura de tabla para la tabla `categorias`
--

CREATE TABLE `categorias` (
  `id` int(11) NOT NULL,
  `nombre` varchar(50) NOT NULL,
  `activo` tinyint(4) NOT NULL DEFAULT 1
) ENGINE=InnoDB DEFAULT CHARSET=utf8mb4 COLLATE=utf8mb4_general_ci;

--
-- Volcado de datos para la tabla `categorias`
--

INSERT INTO `categorias` (`id`, `nombre`, `activo`) VALUES
(1, 'Apple ', 1),
(2, 'Samsung', 1),
(3, 'Xiaomi', 1),
(4, 'OPPO', 1),
(5, 'Huawei', 1),
(6, 'POCO', 0),
(7, 'VIVO', 1),
(8, 'realme', 1),
(9, 'Honor', 1),
(10, 'OnePlus', 1),
(11, 'Google', 1),
(12, 'SONY', 1);

-- --------------------------------------------------------

--
-- Estructura de tabla para la tabla `clientes`
--

CREATE TABLE `clientes` (
  `id` int(11) NOT NULL,
  `nombres` varchar(80) NOT NULL,
  `apellidos` varchar(100) NOT NULL,
  `email` varchar(50) NOT NULL,
  `telefono` varchar(9) NOT NULL,
  `dni` varchar(9) NOT NULL,
  `direccion` varchar(300) NOT NULL,
  `codigopostal` varchar(5) NOT NULL,
  `estatus` tinyint(4) NOT NULL,
  `fecha_alta` datetime NOT NULL,
  `fecha_modifica` datetime DEFAULT NULL,
  `fecha_baja` datetime DEFAULT NULL
) ENGINE=InnoDB DEFAULT CHARSET=utf8mb4 COLLATE=utf8mb4_general_ci;

--
-- Volcado de datos para la tabla `clientes`
--

INSERT INTO `clientes` (`id`, `nombres`, `apellidos`, `email`, `telefono`, `dni`, `direccion`, `codigopostal`, `estatus`, `fecha_alta`, `fecha_modifica`, `fecha_baja`) VALUES
(1, 'Juan', 'Sanchez', 'pablo.gg.87@gmail.com', '654031092', '48667136x', 'C/Beniarbeig, 13', '03015', 1, '2024-03-09 19:25:24', NULL, NULL),
(2, 'mark', 'Wang', 'jialeguoo.ali@gmail.com', '633754118', '235235235', '', '0', 1, '2024-03-14 19:01:26', NULL, NULL),
(3, 'Pablo', 'lag', 'pablo.guirao.97@gmail.com', '654031031', '54787698c', 'C/Beniarbeig, 13', '03015', 1, '2024-04-17 12:11:46', NULL, NULL),
(12, 'Lucía', 'Sánchez', 'jiale.wang@iesdoctorbalmis.com', '688126987', '48667136x', 'C/Beniarbeig, 220', '03016', 1, '2024-05-09 11:42:48', NULL, NULL);

-- --------------------------------------------------------

--
-- Estructura de tabla para la tabla `compra`
--

CREATE TABLE `compra` (
  `id` int(11) NOT NULL,
  `id_transaccion` varchar(20) NOT NULL,
  `fecha` datetime NOT NULL,
  `status` varchar(20) NOT NULL,
  `email` varchar(50) NOT NULL,
  `id_cliente` varchar(20) NOT NULL,
  `id_cliente1` int(11) NOT NULL,
  `total` decimal(10,2) NOT NULL
) ENGINE=InnoDB DEFAULT CHARSET=utf8mb4 COLLATE=utf8mb4_general_ci;

--
-- Volcado de datos para la tabla `compra`
--

INSERT INTO `compra` (`id`, `id_transaccion`, `fecha`, `status`, `email`, `id_cliente`, `id_cliente1`, `total`) VALUES
(1, '3Y8872974C044030N', '2024-03-14 18:50:55', 'COMPLETED', 'sb-ltjqs29670726@personal.example.com', '5QKAY5QPFQYPG', 0, 6345.00),
(2, '2W829494VT820451S', '2024-03-14 18:53:43', 'COMPLETED', 'sb-ltjqs29670726@personal.example.com', '5QKAY5QPFQYPG', 0, 1469.00),
(3, '3NY61409FA153093U', '2024-03-14 19:04:38', 'COMPLETED', 'sb-ltjqs29670726@personal.example.com', '5QKAY5QPFQYPG', 0, 7284.16),
(4, '1R544871SY262010F', '2024-03-31 13:27:45', 'COMPLETED', 'sb-ltjqs29670726@personal.example.com', '5QKAY5QPFQYPG', 0, 1014.40),
(5, '5GE41100R7743000U', '2024-03-31 13:29:06', 'COMPLETED', 'sb-ltjqs29670726@personal.example.com', '5QKAY5QPFQYPG', 0, 436.50),
(6, '4SG25820CC4992444', '2024-04-08 17:59:29', 'COMPLETED', 'sb-ltjqs29670726@personal.example.com', '5QKAY5QPFQYPG', 0, 2738.00),
(7, '8UU99163TW964044E', '2024-04-08 18:20:42', 'COMPLETED', 'sb-ltjqs29670726@personal.example.com', '5QKAY5QPFQYPG', 0, 4106.32),
(8, '8DH91180931512909', '2024-04-17 10:26:41', 'COMPLETED', 'sb-ltjqs29670726@personal.example.com', '5QKAY5QPFQYPG', 0, 2738.00),
(9, '69517058YG7803146', '2024-04-17 10:39:39', 'COMPLETED', 'sb-ltjqs29670726@personal.example.com', '5QKAY5QPFQYPG', 0, 1269.00),
(10, '3EV28649RE955441E', '2024-04-17 14:08:14', 'COMPLETED', 'sb-ltjqs29670726@personal.example.com', '5QKAY5QPFQYPG', 0, 314.09),
(11, '4MW05680LR380594F', '2024-05-02 10:54:53', 'COMPLETED', 'sb-ltjqs29670726@personal.example.com', '5QKAY5QPFQYPG', 0, 1987.02),
(12, '8PY89216J8562864W', '2024-05-08 12:25:54', 'COMPLETED', 'sb-ltjqs29670726@personal.example.com', '5QKAY5QPFQYPG', 1, 8135.76),
(13, '7CS9697058604462V', '2024-05-08 12:36:23', 'COMPLETED', 'sb-ltjqs29670726@personal.example.com', '5QKAY5QPFQYPG', 1, 1351.48),
(14, '9UG39244B20855035', '2024-05-14 12:28:26', 'COMPLETED', 'sb-ltjqs29670726@personal.example.com', '5QKAY5QPFQYPG', 1, 3493.00),
(15, '97V20827PM593233R', '2024-05-14 12:33:47', 'COMPLETED', 'sb-ltjqs29670726@personal.example.com', '5QKAY5QPFQYPG', 12, 1548.00),
(16, '9BX84212P7963522N', '2024-05-14 12:45:21', 'COMPLETED', 'sb-ltjqs29670726@personal.example.com', '5QKAY5QPFQYPG', 1, 1269.00),
(17, '6JG61295PR404690J', '0000-00-00 00:00:00', 'COMPLETED', 'sb-ltjqs29670726@personal.example.com', '5QKAY5QPFQYPG', 12, 1351.48),
(18, '8PG91486PE530862K', '2024-05-22 09:10:57', 'COMPLETED', 'sb-ltjqs29670726@personal.example.com', '5QKAY5QPFQYPG', 12, 279.00);

-- --------------------------------------------------------

--
-- Estructura de tabla para la tabla `configuracion`
--

CREATE TABLE `configuracion` (
  `id` int(11) NOT NULL,
  `nombre` varchar(50) NOT NULL,
  `valor` tinytext NOT NULL
) ENGINE=InnoDB DEFAULT CHARSET=utf8mb4 COLLATE=utf8mb4_general_ci;

--
-- Volcado de datos para la tabla `configuracion`
--

INSERT INTO `configuracion` (`id`, `nombre`, `valor`) VALUES
(1, 'MovilStore', 'Mi tienda CDP'),
(2, 'correo_email', 'mark.wg2001@gmail.com'),
(3, 'correo_smtp', 'mail.gmail.com'),
(4, 'correo_password', 'cFfqARIF02LSSHsfaAqn7g==:R70mzF7DY8i83IDHa1+tdntGY7DCHcdtQ4xq7Y2Jksf3Wt2voGf4iMpMOOn3cZ46CvVewPoavGsy98YLv7wely/zNKvaBWXcx4q8f2zPFP/YTKA1A0z67tOwasUelQ66FRmoMll+l9MJRu0n+axPM3+AFvyvB4Lj/VL8L0/kq5o='),
(5, 'correo_puerto', '465');

-- --------------------------------------------------------

--
-- Estructura de tabla para la tabla `detalle_compra`
--

CREATE TABLE `detalle_compra` (
  `id` int(11) NOT NULL,
  `id_compra` int(11) NOT NULL,
  `id_producto` int(11) NOT NULL,
  `nombre` varchar(200) NOT NULL,
  `precio` decimal(10,2) NOT NULL,
  `cantidad` int(11) NOT NULL
) ENGINE=InnoDB DEFAULT CHARSET=utf8mb4 COLLATE=utf8mb4_general_ci;

--
-- Volcado de datos para la tabla `detalle_compra`
--

INSERT INTO `detalle_compra` (`id`, `id_compra`, `id_producto`, `nombre`, `precio`, `cantidad`) VALUES
(1, 1, 2, 'Iphone 15 pro', 1269.00, 5),
(2, 2, 3, 'Iphone 15 pro max', 1469.00, 1),
(3, 3, 3, 'Iphone 15 pro max', 1469.00, 1),
(4, 3, 2, 'Iphone 15 pro', 1269.00, 1),
(5, 3, 1, 'Iphone 15', 839.16, 1),
(6, 3, 6, 'Samsung Glaxy S24 Ultra', 1579.00, 1),
(7, 3, 5, 'Samsung Galaxy S24 Plus', 1159.00, 1),
(8, 3, 4, 'Samsung Galaxy S24     ', 969.00, 1),
(9, 4, 17, 'Xiaomi Poco X6 Pro 5G Negro (12GB / 512GB)', 340.00, 2),
(10, 4, 12, ' \r\n \r\nXiaomi Redmi 13C Verde Super (8 GB / 256 GB) ', 167.20, 2),
(11, 5, 16, 'Xiaomi Redmi Note 13 Pro+ 5G Negro (12GB / 512GB)', 436.50, 1),
(12, 6, 5, 'Samsung Galaxy S24 Plus', 1159.00, 1),
(13, 6, 6, 'Samsung Glaxy S24 Ultra', 1579.00, 1),
(14, 7, 2, 'Iphone 15 pro', 1269.00, 1),
(15, 7, 5, 'Samsung Galaxy S24 Plus', 1159.00, 1),
(16, 7, 1, 'Iphone 15', 839.16, 2),
(17, 8, 2, 'Iphone 15 pro', 1269.00, 1),
(18, 8, 3, 'Iphone 15 pro max', 1469.00, 1),
(19, 9, 2, 'Iphone 15 pro', 1269.00, 1),
(20, 10, 24, ' HONOR Honor 70, Negro, 256 GB, 8 GB', 314.09, 1),
(21, 11, 26, ' Google Pixel 8, Obsidiana, 256 GB, 8 GB', 483.55, 2),
(22, 11, 5, ' Samsung Galaxy S24 Plus, Black, 512GB, 12GB ', 1019.92, 1),
(23, 12, 5, ' Samsung Galaxy S24 Plus, Black, 512GB, 12GB ', 1019.92, 3),
(24, 12, 2, 'Iphone 15 pro Gris 5G (8GB /256GB)', 1269.00, 4),
(25, 13, 3, 'Iphone 15 pro max Azul 5G (8GB / 256GB)', 1351.48, 1),
(26, 14, 20, 'OPPO Reno8 Pro 5G Negro (8GB / 256GB)', 581.44, 1),
(27, 14, 3, 'Iphone 15 pro max Azul 5G (8GB / 256GB)', 1351.48, 1),
(28, 14, 25, 'ONEPLUS 12, 5G Negro (512 GB / 16 GB RAM)', 1011.08, 1),
(29, 14, 23, 'Realme 12 Pro+ Azul 5G (512GB / 12G RAM)', 549.00, 1),
(30, 15, 2, 'Iphone 15 pro Gris 5G (8GB /256GB)', 1269.00, 1),
(31, 15, 21, 'HUAWEI nova 12i, Negro, 8GB, 128GB', 279.00, 1),
(32, 16, 2, 'Iphone 15 pro Gris 5G (8GB /256GB)', 1269.00, 1),
(33, 17, 3, 'Iphone 15 pro max Azul 5G (8GB / 256GB)', 1351.48, 1),
(34, 18, 21, 'HUAWEI nova 12i, Negro, 8GB, 128GB', 279.00, 1);

-- --------------------------------------------------------

--
-- Estructura de tabla para la tabla `productos`
--

CREATE TABLE `productos` (
  `id` int(11) NOT NULL,
  `nombre` varchar(200) NOT NULL,
  `descripcion` text NOT NULL,
  `descripcion1` text NOT NULL,
  `precio` decimal(10,0) NOT NULL,
  `descuento` tinyint(3) NOT NULL DEFAULT 0,
  `stock` int(11) NOT NULL DEFAULT 0,
  `id_categoria` int(11) NOT NULL,
  `activo` int(11) NOT NULL
) ENGINE=InnoDB DEFAULT CHARSET=utf8mb4 COLLATE=utf8mb4_general_ci;

--
-- Volcado de datos para la tabla `productos`
--

INSERT INTO `productos` (`id`, `nombre`, `descripcion`, `descripcion1`, `precio`, `descuento`, `stock`, `id_categoria`, `activo`) VALUES
(1, 'Iphone 15 Negro 5G (8GB /128GB)', '<p>Apple iPhone 15, Negro, 128 GB, 5G, 6.1\" OLED Super Retina XDR, Chip A16 Bionic, iOS</p><figure class=\"table\"><table><thead><tr><th><strong>Características técnicas</strong></th><th>&nbsp;</th></tr></thead><tbody><tr><td>Tipo de dispositivo</td><td>Móvil</td></tr><tr><td>Procesador</td><td>Chip A16 Bionic</td></tr><tr><td>Capacidad memoria</td><td>128 GB</td></tr><tr><td>Admite SD</td><td>No</td></tr><tr><td>Sensores</td><td>Face ID, Barómetro, Giroscopio de alto rango dinámico, Acelerómetro de fuerza g alta, Sensor de proximidad, Doble sensor de luz ambiental</td></tr><tr><td>Tamaño de la tarjeta SIM</td><td>Nano SIM</td></tr><tr><td>Sistema Operativo</td><td>iOS</td></tr><tr><td>Inteligencia Artificial</td><td>IA Ready</td></tr></tbody></table></figure>', '<p><strong>Descripción</strong></p><p><picture><source srcset=\"https://cms-images.mmst.eu/osyynfyvlyjc/6tvdiAI14ODXd7aUslee1u/96826707f3afc5a9ad2c201b5851dee9/img1.png?q=80\" media=\"(max-width: 511px)\"><source srcset=\"https://cms-images.mmst.eu/osyynfyvlyjc/1ogLacj1m6p7FVwjed1z8x/62a071b107587bc8d8d1773bae8ceec5/img1.png?q=80\" media=\"(max-width: 751px)\"><img src=\"https://cms-images.mmst.eu/osyynfyvlyjc/6MRSNgsPTHgxhmpAxPA901/85b062b4adb7949404a66aa1e1c1ec8c/img1.png?q=80\" alt=\"1\" width=\"943\" height=\"496\"></picture></p><p>&nbsp;</p><figure class=\"image\"><picture><source srcset=\"https://cms-images.mmst.eu/osyynfyvlyjc/43FmoGHCwm0tVEvd3XLObj/d38fe00d007ed1450480157240106c81/img3.png?q=80\" media=\"(max-width: 511px)\"><source srcset=\"https://cms-images.mmst.eu/osyynfyvlyjc/62MqpP1znErIaJ7c5FS84J/e9350422306869d66800eb36c2ae0131/img3.png?q=80\" media=\"(max-width: 751px)\"><img src=\"https://cms-images.mmst.eu/osyynfyvlyjc/7BBXNWicG9JPy9tCt3VlWT/7971b04e401720412dfa44b0be6428e5/img3.png?q=80\" alt=\"2\" width=\"943\" height=\"539\"></picture></figure><figure class=\"image\"><picture><source srcset=\"https://cms-images.mmst.eu/osyynfyvlyjc/7GV4I5K8QNb8zazTPaCDME/eb9d63a4108b355cbcec8754cfdf44bf/img4.png?q=80\" media=\"(max-width: 511px)\"><source srcset=\"https://cms-images.mmst.eu/osyynfyvlyjc/5AW3L1QExTgyH1kFPRrsGz/2e9ec7ec94bd2e09e6eb01ea9c7a12b7/img4.png?q=80\" media=\"(max-width: 751px)\"><img src=\"https://cms-images.mmst.eu/osyynfyvlyjc/3LSoaZ58wVQwtLl3TvPCVo/06e7ab488afba2fdec3457f54929208b/img4.png?q=80\" alt=\"3\" width=\"943\" height=\"572\"></picture></figure><figure class=\"image\"><picture><source srcset=\"https://cms-images.mmst.eu/osyynfyvlyjc/75e97dI7rW7G0ZPl1dNh6j/198ab0602015a26c24d7d03ac7b8c738/img5.jpg?q=80\" media=\"(max-width: 511px)\"><source srcset=\"https://cms-images.mmst.eu/osyynfyvlyjc/4LmNGT7GxC33o0o7XvcmGv/6a491992e0a51f4cd7efc116ab101ed0/img5.png?q=80\" media=\"(max-width: 751px)\"><img src=\"https://cms-images.mmst.eu/osyynfyvlyjc/2U2TUzCFHNm8GDRQ0X1JYf/0b1415412e5752dd03b01cef69b1d1f6/img5.png?q=80\" alt=\"4\" width=\"943\" height=\"562\"></picture></figure><figure class=\"image\"><picture><source srcset=\"https://cms-images.mmst.eu/osyynfyvlyjc/1RZaD0ePKmjGEpilX2ZUma/d2ea428427c6e0ad7c1e712dc1728016/img6.png?q=80\" media=\"(max-width: 511px)\"><source srcset=\"https://cms-images.mmst.eu/osyynfyvlyjc/7dt8oCFUvcAT9Y5I17oUsr/07dd6aabf3e2df57f2cd21fde0156a3e/img6.png?q=80\" media=\"(max-width: 751px)\"><img src=\"https://cms-images.mmst.eu/osyynfyvlyjc/2OPIMTQUnbbkVAG6Fs2CXO/ffac6d8b8be53bc54374b6f5011c341b/img6.png?q=80\" alt=\"5\" width=\"943\" height=\"574\"></picture></figure><figure class=\"image\"><picture><source srcset=\"https://cms-images.mmst.eu/osyynfyvlyjc/3ZAuMhQTEH0Aud0929rokD/36b974a4d4e496b52cc7123afef1b6ee/img7.png?q=80\" media=\"(max-width: 511px)\"><source srcset=\"https://cms-images.mmst.eu/osyynfyvlyjc/2eBiwH83IIjcTCZxyVNWdg/98900a72b0047266bceb61189782bac0/img7.png?q=80\" media=\"(max-width: 751px)\"><img src=\"https://cms-images.mmst.eu/osyynfyvlyjc/5sPSVk0dLjsTmfogPafUAY/8107ba5a1c5c586d7b5eecd0891bc48a/img7.png?q=80\" alt=\"6\" width=\"943\" height=\"562\"></picture></figure><figure class=\"image\"><picture><source srcset=\"https://cms-images.mmst.eu/osyynfyvlyjc/5NQBb0lFoxx84ulVHqVX1U/df034150f03828d9a995c8d930766d10/img8.png?q=80\" media=\"(max-width: 511px)\"><source srcset=\"https://cms-images.mmst.eu/osyynfyvlyjc/2edsM2w65bTBJRvMWz3tMC/0d54f336d5018846c9a9fb67555df5bd/img8.png?q=80\" media=\"(max-width: 751px)\"><img src=\"https://cms-images.mmst.eu/osyynfyvlyjc/30sWmJe64Xe28d6UHWG2cq/a90019dccdd66ea52b1ebfc13b2ca00e/img8.png?q=80\" alt=\"7\" width=\"943\" height=\"575\"></picture></figure><figure class=\"image\"><picture><source srcset=\"https://cms-images.mmst.eu/osyynfyvlyjc/7s0kGw3JDJUXH8sYM3SsKo/9631f134184c4ac919fb6383a7d05b9c/img9.png?q=80\" media=\"(max-width: 511px)\"><source srcset=\"https://cms-images.mmst.eu/osyynfyvlyjc/78DLXayc0XX6UuCnJylhX6/5884ca70698b41e9aef7c5fdc5e2a6e5/img9.png?q=80\" media=\"(max-width: 751px)\"><img src=\"https://cms-images.mmst.eu/osyynfyvlyjc/2ZxC3ZI7LudKZwkRv3qsjS/4fa874bd9c083ae8d5faf86091172d77/img9.png?q=80\" alt=\"8\" width=\"943\" height=\"766\"></picture></figure><figure class=\"image\"><picture><source srcset=\"https://cms-images.mmst.eu/osyynfyvlyjc/6pNSTmvFxxFvVlQpUaH9Mr/fc9203888fe3e8c9b4fea85d273386de/img10.png?q=80\" media=\"(max-width: 511px)\"><source srcset=\"https://cms-images.mmst.eu/osyynfyvlyjc/4FGJFwG9JQyAJKYk3I1RpK/94e3cd618b02abdac295ed4660c9c1e9/img10.png?q=80\" media=\"(max-width: 751px)\"><img src=\"https://cms-images.mmst.eu/osyynfyvlyjc/5vc05usCskaNhzZ71r08fH/950dc2504a1416977f948c49a481a474/img10.png?q=80\" alt=\"9\" width=\"943\" height=\"2193\"></picture></figure><figure class=\"image\"><picture><source srcset=\"https://cms-images.mmst.eu/osyynfyvlyjc/3uIbxaQ4d11nfrX6JvvThE/c480ad26504f92739c14ab7bbe5c046d/img11.png?q=80\" media=\"(max-width: 511px)\"><source srcset=\"https://cms-images.mmst.eu/osyynfyvlyjc/4HhXqhioXzdlAXCUekxsvW/14c8abb14a6fb22298fcae6d97a997e4/img11.png?q=80\" media=\"(max-width: 751px)\"><img src=\"https://cms-images.mmst.eu/osyynfyvlyjc/2IlOnxuoKvroCupenNKQbx/df10c231ba129c362a7af69af34d50e3/img11.png?q=80\" alt=\"10\" width=\"943\" height=\"770\"></picture></figure><figure class=\"image\"><picture><source srcset=\"https://cms-images.mmst.eu/osyynfyvlyjc/7FvoXZk74d24cmTQgFnEnD/f8dab3921847f2c51e9d6ab447355e5f/img12.png?q=80\" media=\"(max-width: 511px)\"><source srcset=\"https://cms-images.mmst.eu/osyynfyvlyjc/34OXykKu3H9D6BYIYowRGh/a07b549e00b9f26ab9b4bf8813821083/img12.png?q=80\" media=\"(max-width: 751px)\"><img src=\"https://cms-images.mmst.eu/osyynfyvlyjc/3tQOWYOv97kEosEZNhfYmn/dee111db6c874024a7681d7dc27c5281/img12.png?q=80\" alt=\"11\" width=\"943\" height=\"569\"></picture></figure><figure class=\"image\"><picture><source srcset=\"https://cms-images.mmst.eu/osyynfyvlyjc/21GSvwLOKjN7u8zMEvlGVx/beb58c22c649367f44cbc409e462c6e9/img13.png?q=80\" media=\"(max-width: 511px)\"><source srcset=\"https://cms-images.mmst.eu/osyynfyvlyjc/19PqXT0e1xReeOVgkEJTk8/f1e597f6cd7e6a403583e64e81409829/img13.png?q=80\" media=\"(max-width: 751px)\"><img src=\"https://cms-images.mmst.eu/osyynfyvlyjc/6egAAnGfJYsANTyAQTq4ag/d896284dea972cbea6d81574a566c91a/img13.png?q=80\" alt=\"12\" width=\"943\" height=\"798\"></picture></figure><figure class=\"image\"><picture><source srcset=\"https://cms-images.mmst.eu/osyynfyvlyjc/3sbd0UuT7fYjztgDpc60Ra/b281b142c56cbd6712aacfdeb2591f19/img14.png?q=80\" media=\"(max-width: 511px)\"><source srcset=\"https://cms-images.mmst.eu/osyynfyvlyjc/4j2AceUnVKID729TMN1mHV/15cd6979df7c3a5344f54800fe61c013/img14.png?q=80\" media=\"(max-width: 751px)\"><img src=\"https://cms-images.mmst.eu/osyynfyvlyjc/7xABxkrF986Vi7MUfmqSPm/06d79993a3643307d7b7162409906b5d/img14.png?q=80\" alt=\"13\" width=\"943\" height=\"600\"></picture></figure><figure class=\"image\"><picture><source srcset=\"https://cms-images.mmst.eu/osyynfyvlyjc/3lc0jRWSQ2HVMJxZ0sC4RJ/6feb3563d0128005dff31b2755082a7c/img15.png?q=80\" media=\"(max-width: 511px)\"><source srcset=\"https://cms-images.mmst.eu/osyynfyvlyjc/4m2uvJQcEZxUTwmFYbuEgF/21d69b7f7a7953ecb624fa070afc76b3/img15.png?q=80\" media=\"(max-width: 751px)\"><img src=\"https://cms-images.mmst.eu/osyynfyvlyjc/2p620oMVV6OCru7cyGp4Kq/96f31d54a34f2ec0ae8cccb91f856570/img15.png?q=80\" alt=\"14\" width=\"943\" height=\"537\"></picture></figure><figure class=\"image\"><picture><source srcset=\"https://cms-images.mmst.eu/osyynfyvlyjc/1dc2msK15t1hdDcF4cvJdz/8e00ef008c8e80f0edf3f5437f3fbfc2/img16.png?q=80\" media=\"(max-width: 511px)\"><source srcset=\"https://cms-images.mmst.eu/osyynfyvlyjc/6MWspDqrYQR7zk9dTs40ca/80ed3e26ffb0e6a75007a7b4d50b5ce6/img16.png?q=80\" media=\"(max-width: 751px)\"><img src=\"https://cms-images.mmst.eu/osyynfyvlyjc/7jeQsyZOrvcvhQR2ZFXEGz/42d3095bf51e6cd0a993f4923fd4b0b1/img16.png?q=80\" alt=\"15\" width=\"943\" height=\"679\"></picture></figure>', 999, 0, 0, 1, 1),
(2, 'Iphone 15 pro Gris 5G (8GB /256GB)', '<p>Apple iPhone 15, Negro, 128 GB, 5G, 6.1\" OLED Super Retina XDR, Chip A16 Bionic, iOS</p><figure class=\"table\"><table><thead><tr><th><strong>Caracteristicas técnicas</strong></th><th>&nbsp;</th></tr></thead><tbody><tr><td>Tipo de dispositivo</td><td>Móvil</td></tr><tr><td>Procesador</td><td>Chip A17&nbsp;Pro (CPU de 6 núcleos, GPU de 6 núcleos y Neural Engine de 16 núcleos)</td></tr><tr><td>Capacidad memoria</td><td>256 GB</td></tr><tr><td>Admite SD</td><td>No</td></tr><tr><td>Sensores</td><td>Face ID, Escáner LiDAR, Barómetro, Giroscopio de alto rango dinámico, Acelerómetro de fuerza g alta, Sensor de proximidad, Doble sensor de luz ambiental</td></tr><tr><td>Tamaño de la tarjeta SIM</td><td>Nano SIM, eSim</td></tr><tr><td>Inteligencia Artificial</td><td>IA Ready</td></tr></tbody></table></figure>', '<p><strong>Descripción</strong></p><p><picture><source srcset=\"https://cms-images.mmst.eu/osyynfyvlyjc/3go5OGTxOGLV51ELiZxGc1/4e8033ce4777eff0e6a1b62f0ce3eee1/img1.png?q=80\" media=\"(max-width: 511px)\"><source srcset=\"https://cms-images.mmst.eu/osyynfyvlyjc/5tAObQtiHfi40W22i0a9Z9/53f942a1da2efd9a52ebd921f025505c/img1.png?q=80\" media=\"(max-width: 751px)\"><img src=\"https://cms-images.mmst.eu/osyynfyvlyjc/1SDA0X9BHoVNYGKgYrcgb9/9ef06bfd7cd045c2768ee33f40385565/img1.png?q=80\" alt=\"1\" width=\"943\" height=\"801\"></picture></p><p><picture><source srcset=\"https://cms-images.mmst.eu/osyynfyvlyjc/3UbnTgHtVWkGg8qY31FipK/f62592c1b152d38f1cb93a28e48a975e/img2.png?q=80\" media=\"(max-width: 511px)\"><source srcset=\"https://cms-images.mmst.eu/osyynfyvlyjc/6Hq8v832nJtNIyfi04eEmF/d550fec0f3833f2d4e2a039f30f7f936/img2.png?q=80\" media=\"(max-width: 751px)\"><img src=\"https://cms-images.mmst.eu/osyynfyvlyjc/7sUKjhSCgUl2FCRSSWC5PK/4651344a8e46c69a3aa254db84de8634/img2.png?q=80\" alt=\"2\" width=\"943\" height=\"587\"></picture></p><p><picture><source srcset=\"https://cms-images.mmst.eu/osyynfyvlyjc/3vN1rHWsPSTtpKy8advWuP/f5e00f13ac599522b32a55e3132761c1/img3.png?q=80\" media=\"(max-width: 511px)\"><source srcset=\"https://cms-images.mmst.eu/osyynfyvlyjc/71z34zGJdVSvp20wsYr3wu/b67b7a01ef3153d4d5b76cb0bd797632/img3.png?q=80\" media=\"(max-width: 751px)\"><img src=\"https://cms-images.mmst.eu/osyynfyvlyjc/4lpTikpqHg1bRHKB4oqoFZ/c752a0f9688766d455f16afaad24bca2/img3.png?q=80\" alt=\"3\" width=\"943\" height=\"571\"></picture></p><p><picture><source srcset=\"https://cms-images.mmst.eu/osyynfyvlyjc/7uD9dErASNgTv5freH6QgR/8380ea4b30ec378da9b1fc79a95f845e/img4.png?q=80\" media=\"(max-width: 511px)\"><source srcset=\"https://cms-images.mmst.eu/osyynfyvlyjc/6dH3jpwjk19cITLJRJVypw/3c061536f9cf0ef4f79b452d33de9802/img4.png?q=80\" media=\"(max-width: 751px)\"><img src=\"https://cms-images.mmst.eu/osyynfyvlyjc/1XDLgkdet9XHKjqMy1zl7M/2fc629b446a1430e8f2152d2d06fbe78/img4.png?q=80\" alt=\"4\" width=\"943\" height=\"595\"></picture></p><p><picture><source srcset=\"https://cms-images.mmst.eu/osyynfyvlyjc/3bbwETCAOj3axVeo5KlkvI/833468efd4cf73298d383125e320a508/img5.png?q=80\" media=\"(max-width: 511px)\"><source srcset=\"https://cms-images.mmst.eu/osyynfyvlyjc/1muyVy3Ov4TI3VAUm3Vo3l/dc90bb48ca61e5993789d17ccb539d3e/img5.png?q=80\" media=\"(max-width: 751px)\"><img src=\"https://cms-images.mmst.eu/osyynfyvlyjc/4OgPdwnO0vDG5F2nZiTUCZ/943bf918ae2a14f0fd9a6a89a20e88cd/img5.png?q=80\" alt=\"5\" width=\"943\" height=\"643\"></picture></p><p><picture><source srcset=\"https://cms-images.mmst.eu/osyynfyvlyjc/2alG1cFhZQ6ZMJAU1UAXIT/390b6356a6b20d0286fe665c169676c1/img6.png?q=80\" media=\"(max-width: 511px)\"><source srcset=\"https://cms-images.mmst.eu/osyynfyvlyjc/5UVwnHGRn5ccl1SLeVYuKN/de87181787e4db4ede0b47c0c170c5e1/img6.png?q=80\" media=\"(max-width: 751px)\"><img src=\"https://cms-images.mmst.eu/osyynfyvlyjc/11FHzyz4PZHXRH70AUuBNF/162469a97daa110b930b837d839adacf/img6.png?q=80\" alt=\"6\" width=\"943\" height=\"706\"></picture></p><p><picture><source srcset=\"https://cms-images.mmst.eu/osyynfyvlyjc/4Mf8MhM6MTldBaitZIPoEy/362ef01231f8a21fe5b6dd74035e8061/img7.png?q=80\" media=\"(max-width: 511px)\"><source srcset=\"https://cms-images.mmst.eu/osyynfyvlyjc/3wUFh1jVIzOkO0xj5e5Rsw/77341d1993bae5ba0365a5af22f1ee10/img7.png?q=80\" media=\"(max-width: 751px)\"><img src=\"https://cms-images.mmst.eu/osyynfyvlyjc/7eegGePqqfJxvOIXHGUrEU/8d2e01d38089ced349517ec614dcdf27/img7.png?q=80\" alt=\"7\" width=\"943\" height=\"784\"></picture></p><p><picture><source srcset=\"https://cms-images.mmst.eu/osyynfyvlyjc/7ixPdIUvolEV7cyZ6nypKE/ee2b25eb7a965cc3f62b53d96b663600/img8.png?q=80\" media=\"(max-width: 511px)\"><source srcset=\"https://cms-images.mmst.eu/osyynfyvlyjc/4MGCZ55A6WrDLzPjhpwktn/13688527e91b1042bd0130f8cccf55c5/img8.png?q=80\" media=\"(max-width: 751px)\"><img src=\"https://cms-images.mmst.eu/osyynfyvlyjc/LRo6khMygSEup9Yx8BXEr/7759b64d36128ada39fbf19a4e7695ac/img8.png?q=80\" alt=\"8\" width=\"943\" height=\"2224\"></picture></p><p><picture><source srcset=\"https://cms-images.mmst.eu/osyynfyvlyjc/bSJrBQSFM7GBKBMXIhtXp/e9463222a138ec0289bd8862d255d0dc/img9.png?q=80\" media=\"(max-width: 511px)\"><source srcset=\"https://cms-images.mmst.eu/osyynfyvlyjc/5dmIz0ryPQbDTOoTRmsoib/96d84fc75e705e79e1dec6fdd4f607d3/img9.png?q=80\" media=\"(max-width: 751px)\"><img src=\"https://cms-images.mmst.eu/osyynfyvlyjc/7aCUpmibHN1oDGzlm5TepA/b47680ddc610fea73dffaca0964c1f47/img9.png?q=80\" alt=\"9\" width=\"943\" height=\"801\"></picture></p><p><picture><source srcset=\"https://cms-images.mmst.eu/osyynfyvlyjc/eTU7YQ4wh4CWKuBewUH7s/1753edbfb5e204cc7c8ca24669f8b4d9/img10.png?q=80\" media=\"(max-width: 511px)\"><source srcset=\"https://cms-images.mmst.eu/osyynfyvlyjc/E8qE27Q6XvctPbLtwxrUY/2ecb96ae48078383d063289c234fa23a/img10.png?q=80\" media=\"(max-width: 751px)\"><img src=\"https://cms-images.mmst.eu/osyynfyvlyjc/7b8qrBKOe97UYiroa6NDif/0572a8ecaf171975b254ab070feb9bf6/img10.png?q=80\" alt=\"10\" width=\"943\" height=\"635\"></picture></p><p><picture><source srcset=\"https://cms-images.mmst.eu/osyynfyvlyjc/7KDKHFwNfP9M6EeYPkNsz6/6d29dc2e487f161436c25422b4f6c2bd/img11.png?q=80\" media=\"(max-width: 511px)\"><source srcset=\"https://cms-images.mmst.eu/osyynfyvlyjc/5XUXksx5hc08ALnhAu532c/715ca82774fd581e702c421d52946abd/img11.png?q=80\" media=\"(max-width: 751px)\"><img src=\"https://cms-images.mmst.eu/osyynfyvlyjc/2B8St4WX2taaBi4En9PJS6/f670bffdf198ea6a2baaed364f065e78/img11.png?q=80\" alt=\"11\" width=\"943\" height=\"849\"></picture></p><p><picture><source srcset=\"https://cms-images.mmst.eu/osyynfyvlyjc/419ErdLqLPOsnqWOAtQjN8/e24b599404514b405506ae168645983e/img12.png?q=80\" media=\"(max-width: 511px)\"><source srcset=\"https://cms-images.mmst.eu/osyynfyvlyjc/3MTxXAL3NtZnb0WnJANeR1/cb55927def8cc42d15992017e01b70f5/img12.png?q=80\" media=\"(max-width: 751px)\"><img src=\"https://cms-images.mmst.eu/osyynfyvlyjc/2q71Pi3tU1c4MrifgJUcsM/6fdd615a4a1fa3a8c6cd6117cb029f03/img12.png?q=80\" alt=\"12\" width=\"943\" height=\"587\"></picture></p><p><picture><source srcset=\"https://cms-images.mmst.eu/osyynfyvlyjc/2wo3D2qIohIefOLhYZeyrd/8de38204cd9d3cdb1322e89ebdc79ec7/img13.png?q=80\" media=\"(max-width: 511px)\"><source srcset=\"https://cms-images.mmst.eu/osyynfyvlyjc/29a3cLnwZ9pCD0cB32Nmyc/0e84d2c6d27030a5a6748f2855999766/img13.png?q=80\" media=\"(max-width: 751px)\"><img src=\"https://cms-images.mmst.eu/osyynfyvlyjc/2CanuvNxKTjEsfKwaQ13lu/a2623b6c80c274efaedfce349c8309b1/img13.png?q=80\" alt=\"13\" width=\"943\" height=\"476\"></picture></p><p>&nbsp;</p><p>&nbsp;</p>', 1269, 0, 1, 1, 1),
(3, 'Iphone 15 pro max Azul 5G (8GB / 256GB)', '<p>Apple iPhone 15, Negro, 128 GB, 5G, 6.1\" OLED Super Retina XDR, Chip A16 Bionic, iOS</p><figure class=\"table\"><table><thead><tr><th><strong>Caracteristicas técnicas</strong></th><th>&nbsp;</th></tr></thead><tbody><tr><td>Tipo de dispositivo</td><td>Móvil</td></tr><tr><td>Procesador</td><td>Chip A17&nbsp;Pro (CPU de 6 núcleos, GPU de 6 núcleos y Neural Engine de 16 núcleos)</td></tr><tr><td>Capacidad memoria</td><td>256 GB</td></tr><tr><td>Admite SD</td><td>No</td></tr><tr><td>Sensores</td><td>Face ID, Escáner LiDAR, Barómetro, Giroscopio de alto rango dinámico, Acelerómetro de fuerza g alta, Sensor de proximidad, Doble sensor de luz ambiental</td></tr><tr><td>Tamaño de la tarjeta SIM</td><td>Nano SIM, eSim</td></tr><tr><td>Inteligencia Artificial</td><td>IA Ready</td></tr></tbody></table></figure>', '<p><strong>Descripción</strong></p><p><picture><source srcset=\"https://cms-images.mmst.eu/osyynfyvlyjc/3go5OGTxOGLV51ELiZxGc1/4e8033ce4777eff0e6a1b62f0ce3eee1/img1.png?q=80\" media=\"(max-width: 511px)\"><source srcset=\"https://cms-images.mmst.eu/osyynfyvlyjc/5tAObQtiHfi40W22i0a9Z9/53f942a1da2efd9a52ebd921f025505c/img1.png?q=80\" media=\"(max-width: 751px)\"><img src=\"https://cms-images.mmst.eu/osyynfyvlyjc/1SDA0X9BHoVNYGKgYrcgb9/9ef06bfd7cd045c2768ee33f40385565/img1.png?q=80\" alt=\"1\" width=\"943\" height=\"801\"></picture></p><p><picture><source srcset=\"https://cms-images.mmst.eu/osyynfyvlyjc/3UbnTgHtVWkGg8qY31FipK/f62592c1b152d38f1cb93a28e48a975e/img2.png?q=80\" media=\"(max-width: 511px)\"><source srcset=\"https://cms-images.mmst.eu/osyynfyvlyjc/6Hq8v832nJtNIyfi04eEmF/d550fec0f3833f2d4e2a039f30f7f936/img2.png?q=80\" media=\"(max-width: 751px)\"><img src=\"https://cms-images.mmst.eu/osyynfyvlyjc/7sUKjhSCgUl2FCRSSWC5PK/4651344a8e46c69a3aa254db84de8634/img2.png?q=80\" alt=\"2\" width=\"943\" height=\"587\"></picture></p><p><picture><source srcset=\"https://cms-images.mmst.eu/osyynfyvlyjc/3vN1rHWsPSTtpKy8advWuP/f5e00f13ac599522b32a55e3132761c1/img3.png?q=80\" media=\"(max-width: 511px)\"><source srcset=\"https://cms-images.mmst.eu/osyynfyvlyjc/71z34zGJdVSvp20wsYr3wu/b67b7a01ef3153d4d5b76cb0bd797632/img3.png?q=80\" media=\"(max-width: 751px)\"><img src=\"https://cms-images.mmst.eu/osyynfyvlyjc/4lpTikpqHg1bRHKB4oqoFZ/c752a0f9688766d455f16afaad24bca2/img3.png?q=80\" alt=\"3\" width=\"943\" height=\"571\"></picture></p><p><picture><source srcset=\"https://cms-images.mmst.eu/osyynfyvlyjc/7uD9dErASNgTv5freH6QgR/8380ea4b30ec378da9b1fc79a95f845e/img4.png?q=80\" media=\"(max-width: 511px)\"><source srcset=\"https://cms-images.mmst.eu/osyynfyvlyjc/6dH3jpwjk19cITLJRJVypw/3c061536f9cf0ef4f79b452d33de9802/img4.png?q=80\" media=\"(max-width: 751px)\"><img src=\"https://cms-images.mmst.eu/osyynfyvlyjc/1XDLgkdet9XHKjqMy1zl7M/2fc629b446a1430e8f2152d2d06fbe78/img4.png?q=80\" alt=\"4\" width=\"943\" height=\"595\"></picture></p><p><picture><source srcset=\"https://cms-images.mmst.eu/osyynfyvlyjc/3bbwETCAOj3axVeo5KlkvI/833468efd4cf73298d383125e320a508/img5.png?q=80\" media=\"(max-width: 511px)\"><source srcset=\"https://cms-images.mmst.eu/osyynfyvlyjc/1muyVy3Ov4TI3VAUm3Vo3l/dc90bb48ca61e5993789d17ccb539d3e/img5.png?q=80\" media=\"(max-width: 751px)\"><img src=\"https://cms-images.mmst.eu/osyynfyvlyjc/4OgPdwnO0vDG5F2nZiTUCZ/943bf918ae2a14f0fd9a6a89a20e88cd/img5.png?q=80\" alt=\"5\" width=\"943\" height=\"643\"></picture></p><p><picture><source srcset=\"https://cms-images.mmst.eu/osyynfyvlyjc/2alG1cFhZQ6ZMJAU1UAXIT/390b6356a6b20d0286fe665c169676c1/img6.png?q=80\" media=\"(max-width: 511px)\"><source srcset=\"https://cms-images.mmst.eu/osyynfyvlyjc/5UVwnHGRn5ccl1SLeVYuKN/de87181787e4db4ede0b47c0c170c5e1/img6.png?q=80\" media=\"(max-width: 751px)\"><img src=\"https://cms-images.mmst.eu/osyynfyvlyjc/11FHzyz4PZHXRH70AUuBNF/162469a97daa110b930b837d839adacf/img6.png?q=80\" alt=\"6\" width=\"943\" height=\"706\"></picture></p><p><picture><source srcset=\"https://cms-images.mmst.eu/osyynfyvlyjc/4Mf8MhM6MTldBaitZIPoEy/362ef01231f8a21fe5b6dd74035e8061/img7.png?q=80\" media=\"(max-width: 511px)\"><source srcset=\"https://cms-images.mmst.eu/osyynfyvlyjc/3wUFh1jVIzOkO0xj5e5Rsw/77341d1993bae5ba0365a5af22f1ee10/img7.png?q=80\" media=\"(max-width: 751px)\"><img src=\"https://cms-images.mmst.eu/osyynfyvlyjc/7eegGePqqfJxvOIXHGUrEU/8d2e01d38089ced349517ec614dcdf27/img7.png?q=80\" alt=\"7\" width=\"943\" height=\"784\"></picture></p><p><picture><source srcset=\"https://cms-images.mmst.eu/osyynfyvlyjc/7ixPdIUvolEV7cyZ6nypKE/ee2b25eb7a965cc3f62b53d96b663600/img8.png?q=80\" media=\"(max-width: 511px)\"><source srcset=\"https://cms-images.mmst.eu/osyynfyvlyjc/4MGCZ55A6WrDLzPjhpwktn/13688527e91b1042bd0130f8cccf55c5/img8.png?q=80\" media=\"(max-width: 751px)\"><img src=\"https://cms-images.mmst.eu/osyynfyvlyjc/LRo6khMygSEup9Yx8BXEr/7759b64d36128ada39fbf19a4e7695ac/img8.png?q=80\" alt=\"8\" width=\"943\" height=\"2224\"></picture></p><p><picture><source srcset=\"https://cms-images.mmst.eu/osyynfyvlyjc/bSJrBQSFM7GBKBMXIhtXp/e9463222a138ec0289bd8862d255d0dc/img9.png?q=80\" media=\"(max-width: 511px)\"><source srcset=\"https://cms-images.mmst.eu/osyynfyvlyjc/5dmIz0ryPQbDTOoTRmsoib/96d84fc75e705e79e1dec6fdd4f607d3/img9.png?q=80\" media=\"(max-width: 751px)\"><img src=\"https://cms-images.mmst.eu/osyynfyvlyjc/7aCUpmibHN1oDGzlm5TepA/b47680ddc610fea73dffaca0964c1f47/img9.png?q=80\" alt=\"9\" width=\"943\" height=\"801\"></picture></p><p><picture><source srcset=\"https://cms-images.mmst.eu/osyynfyvlyjc/eTU7YQ4wh4CWKuBewUH7s/1753edbfb5e204cc7c8ca24669f8b4d9/img10.png?q=80\" media=\"(max-width: 511px)\"><source srcset=\"https://cms-images.mmst.eu/osyynfyvlyjc/E8qE27Q6XvctPbLtwxrUY/2ecb96ae48078383d063289c234fa23a/img10.png?q=80\" media=\"(max-width: 751px)\"><img src=\"https://cms-images.mmst.eu/osyynfyvlyjc/7b8qrBKOe97UYiroa6NDif/0572a8ecaf171975b254ab070feb9bf6/img10.png?q=80\" alt=\"10\" width=\"943\" height=\"635\"></picture></p><p><picture><source srcset=\"https://cms-images.mmst.eu/osyynfyvlyjc/7KDKHFwNfP9M6EeYPkNsz6/6d29dc2e487f161436c25422b4f6c2bd/img11.png?q=80\" media=\"(max-width: 511px)\"><source srcset=\"https://cms-images.mmst.eu/osyynfyvlyjc/5XUXksx5hc08ALnhAu532c/715ca82774fd581e702c421d52946abd/img11.png?q=80\" media=\"(max-width: 751px)\"><img src=\"https://cms-images.mmst.eu/osyynfyvlyjc/2B8St4WX2taaBi4En9PJS6/f670bffdf198ea6a2baaed364f065e78/img11.png?q=80\" alt=\"11\" width=\"943\" height=\"849\"></picture></p><p><picture><source srcset=\"https://cms-images.mmst.eu/osyynfyvlyjc/419ErdLqLPOsnqWOAtQjN8/e24b599404514b405506ae168645983e/img12.png?q=80\" media=\"(max-width: 511px)\"><source srcset=\"https://cms-images.mmst.eu/osyynfyvlyjc/3MTxXAL3NtZnb0WnJANeR1/cb55927def8cc42d15992017e01b70f5/img12.png?q=80\" media=\"(max-width: 751px)\"><img src=\"https://cms-images.mmst.eu/osyynfyvlyjc/2q71Pi3tU1c4MrifgJUcsM/6fdd615a4a1fa3a8c6cd6117cb029f03/img12.png?q=80\" alt=\"12\" width=\"943\" height=\"587\"></picture></p><p><picture><source srcset=\"https://cms-images.mmst.eu/osyynfyvlyjc/2wo3D2qIohIefOLhYZeyrd/8de38204cd9d3cdb1322e89ebdc79ec7/img13.png?q=80\" media=\"(max-width: 511px)\"><source srcset=\"https://cms-images.mmst.eu/osyynfyvlyjc/29a3cLnwZ9pCD0cB32Nmyc/0e84d2c6d27030a5a6748f2855999766/img13.png?q=80\" media=\"(max-width: 751px)\"><img src=\"https://cms-images.mmst.eu/osyynfyvlyjc/2CanuvNxKTjEsfKwaQ13lu/a2623b6c80c274efaedfce349c8309b1/img13.png?q=80\" alt=\"13\" width=\"943\" height=\"476\"></picture></p><p><picture><source srcset=\"https://cms-images.mmst.eu/osyynfyvlyjc/hGarkhglNQ2V9CPD0p6by/7900be6192d8d4613bb435af10e77ed9/img14.png?q=80\" media=\"(max-width: 511px)\"><source srcset=\"https://cms-images.mmst.eu/osyynfyvlyjc/3MVcV4dFDntilsT5vYd1mI/5c389a8d69444d7275733f49b0977bd5/img14.png?q=80\" media=\"(max-width: 751px)\"><img src=\"https://cms-images.mmst.eu/osyynfyvlyjc/2Q0pR8lxGDDin3vdTXfV0F/840741820fa1125074fda30693aa4f90/img14.png?q=80\" alt=\"14\" width=\"943\" height=\"780\"></picture></p>', 1469, 8, 6, 1, 1),
(4, 'Samsung Galaxy S24, Onyx, 256GB, 8GB RAM', '<p>Apple iPhone 15, Negro, 128 GB, 5G, 6.1\" OLED Super Retina XDR, Chip A16 Bionic, iOS</p><p><strong>Característica</strong>&nbsp;<br>Tamaño pantalla (cm): 15.49 cm&nbsp;<br>Tamaño pantalla (pulgadas): 6.1 \"&nbsp;<br>Tamaño Pantalla (cm/pulg.): 15.49 cm / 6.1 \"&nbsp;<br>Resolución (AlxAn); 2556 x 1179 pixels&nbsp;<br>Pantalla: OLED Super Retina XDR&nbsp;<br>Resolución Horizontal: 1179 pixels&nbsp;<br>Resolución Vertical: 2556 pixels&nbsp;<br>&nbsp;</p>', '<p><strong>Descripción</strong></p><p><picture><source srcset=\"https://cms-images.mmst.eu/osyynfyvlyjc/01BnMYVxKwkCNJ6SzS77e4/c4452dba45874305074d3ecbfe57bcf2/1147x1147_1.jpg?q=70&amp;fm=webp&amp;w=1147&amp;h=1147\" media=\"(max-width: 511px)\"><source srcset=\"https://cms-images.mmst.eu/osyynfyvlyjc/01BnMYVxKwkCNJ6SzS77e4/c4452dba45874305074d3ecbfe57bcf2/1147x1147_1.jpg?q=70&amp;fm=webp&amp;w=1147&amp;h=1147\" media=\"(max-width: 751px)\"><source srcset=\"https://cms-images.mmst.eu/osyynfyvlyjc/01BnMYVxKwkCNJ6SzS77e4/c4452dba45874305074d3ecbfe57bcf2/1147x1147_1.jpg?q=70&amp;fm=webp&amp;w=1147&amp;h=1147\" media=\"(max-width: 1007px)\"><img src=\"https://cms-images.mmst.eu/osyynfyvlyjc/01BnMYVxKwkCNJ6SzS77e4/c4452dba45874305074d3ecbfe57bcf2/1147x1147_1.jpg?q=70&amp;fm=webp&amp;w=1147&amp;h=1147\" alt=\"\" width=\"459\" height=\"459\"></picture></p><h3><strong>Hazlo tuyo</strong></h3><p>Galaxy S24 no pierde el característico diseño Galaxy, sino que lo mejora. Ahora con más pantalla, formas redondeadas y acabado mate antihuellas. También podrás disfrutar de un sinfín de opciones de personalización con One UI 6.1 y mantener lo que más importa bien protegido con la seguridad de Samsung Knox.</p><p><picture><source srcset=\"https://cms-images.mmst.eu/osyynfyvlyjc/3b7aVjGa8miPTxHxtDMFUf/508003da31a5b32772ef19d84a7c7a01/712x712_2.jpg?q=70&amp;fm=webp&amp;w=712&amp;h=712\" media=\"(max-width: 511px)\"><source srcset=\"https://cms-images.mmst.eu/osyynfyvlyjc/3b7aVjGa8miPTxHxtDMFUf/508003da31a5b32772ef19d84a7c7a01/712x712_2.jpg?q=70&amp;fm=webp&amp;w=712&amp;h=712\" media=\"(max-width: 751px)\"><source srcset=\"https://cms-images.mmst.eu/osyynfyvlyjc/21Vi1ronMU2TeGHbPX4oJ2/a800f5d563e3c22010ab67cb3f43b538/1147x1147_2.jpg?q=70&amp;fm=webp&amp;w=1147&amp;h=1147\" media=\"(max-width: 1007px)\"><img src=\"https://cms-images.mmst.eu/osyynfyvlyjc/21Vi1ronMU2TeGHbPX4oJ2/a800f5d563e3c22010ab67cb3f43b538/1147x1147_2.jpg?q=70&amp;fm=webp&amp;w=1147&amp;h=1147\" alt=\"\" width=\"459\" height=\"459\"></picture></p><h3><strong>Toda la información en la palma de tu mano</strong></h3><p>La Inteligencia Artificial te abre un nuevo mundo de posibilidades. Cuenta con funcionalidades como Circle to Search para buscar información de lo que te rodea, Web Assist para ahorrar tiempo navegando por internet, Live Translate y Chat Assist para comunicarte sin importar el idioma, Note Assist para trabajar y estudiar de manera productiva e inteligente o Transcript Assist, para convertir tus grabaciones de voz o reuniones en texto al instante.</p><p><picture><source srcset=\"https://cms-images.mmst.eu/osyynfyvlyjc/7Fczhp6vLL8i96G1Hl8m1U/0ed8bddc7f3ae9895c38ff79374f5752/712x712__3.jpg?q=70&amp;fm=webp&amp;w=712&amp;h=712\" media=\"(max-width: 511px)\"><source srcset=\"https://cms-images.mmst.eu/osyynfyvlyjc/7Fczhp6vLL8i96G1Hl8m1U/0ed8bddc7f3ae9895c38ff79374f5752/712x712__3.jpg?q=70&amp;fm=webp&amp;w=712&amp;h=712\" media=\"(max-width: 751px)\"><source srcset=\"https://cms-images.mmst.eu/osyynfyvlyjc/2Q3U3uD1DZEe4GXnjfMYa/3808713c0f9283f1cdfac18abd88e68b/1147x1147_3.jpg?q=70&amp;fm=webp&amp;w=1147&amp;h=1147\" media=\"(max-width: 1007px)\"><img src=\"https://cms-images.mmst.eu/osyynfyvlyjc/2Q3U3uD1DZEe4GXnjfMYa/3808713c0f9283f1cdfac18abd88e68b/1147x1147_3.jpg?q=70&amp;fm=webp&amp;w=1147&amp;h=1147\" alt=\"\" width=\"459\" height=\"459\"></picture></p><h3><strong>Crea contenido como un profesional</strong></h3><p>El nuevo Galaxy S24 de Samsung no solo te asegura una experiencia fotográfica de diez, gracias a su cámara de 50MP de resolución, sino que la incorporación de la Inteligencia Artificial supone un cambio a la hora de crear contenido. Con sus nuevas funcionalidades podrás hacer zoom incluso en los lugares más oscuros, aplicar efectos, eliminar reflejos, sombras y, en general, perfeccionar y mejorar tus fotos y vídeos a tu antojo.</p><p><picture><source srcset=\"https://cms-images.mmst.eu/osyynfyvlyjc/52urEHaTTR66KfMz5dRp9/c30141408a4297e597d5ad3c930a1e49/712x712__4.jpg?q=70&amp;fm=webp&amp;w=712&amp;h=712\" media=\"(max-width: 511px)\"><source srcset=\"https://cms-images.mmst.eu/osyynfyvlyjc/52urEHaTTR66KfMz5dRp9/c30141408a4297e597d5ad3c930a1e49/712x712__4.jpg?q=70&amp;fm=webp&amp;w=712&amp;h=712\" media=\"(max-width: 751px)\"><source srcset=\"https://cms-images.mmst.eu/osyynfyvlyjc/20S2wbIVs6pSgTWSMIxGm/011a31d713023bcff1edc9359038d483/1147x1147_4.jpg?q=70&amp;fm=webp&amp;w=1147&amp;h=1147\" media=\"(max-width: 1007px)\"><img src=\"https://cms-images.mmst.eu/osyynfyvlyjc/20S2wbIVs6pSgTWSMIxGm/011a31d713023bcff1edc9359038d483/1147x1147_4.jpg?q=70&amp;fm=webp&amp;w=1147&amp;h=1147\" alt=\"\" width=\"459\" height=\"459\"></picture></p><h3><strong>Un rendimiento que cumple tus expectativas</strong></h3><p>Prepárate para jugar sin límites con el nuevo Galaxy S24. Su procesador Exynos 2400 de 4nm no solo es capaz de ejecutar las tareas más avanzadas sin interrupciones, sino que también te permite disfrutar de los juegos de última generación al ser compatible con la tecnología Ray Tracing. Además, su sistema de refrigeración es más potente, lo que reduce la temperatura del dispositivo para que vivas la mejor experiencia de gaming.</p><p><picture><source srcset=\"https://cms-images.mmst.eu/osyynfyvlyjc/55MI98706YgOXFzPjUUI7S/97dc37e1c47d09edaf7447f0c7674a58/712x712__5.jpg?q=70&amp;fm=webp&amp;w=712&amp;h=712\" media=\"(max-width: 511px)\"><source srcset=\"https://cms-images.mmst.eu/osyynfyvlyjc/55MI98706YgOXFzPjUUI7S/97dc37e1c47d09edaf7447f0c7674a58/712x712__5.jpg?q=70&amp;fm=webp&amp;w=712&amp;h=712\" media=\"(max-width: 751px)\"><source srcset=\"https://cms-images.mmst.eu/osyynfyvlyjc/7DuppQlLwKWftJbWqxfAvN/0018a04d1fce01950ae221004578d42e/1147x1147_5.jpg?q=70&amp;fm=webp&amp;w=1147&amp;h=1147\" media=\"(max-width: 1007px)\"><img src=\"https://cms-images.mmst.eu/osyynfyvlyjc/7DuppQlLwKWftJbWqxfAvN/0018a04d1fce01950ae221004578d42e/1147x1147_5.jpg?q=70&amp;fm=webp&amp;w=1147&amp;h=1147\" alt=\"\" width=\"459\" height=\"459\"></picture></p><h3><strong>Olvídate el cargador en casa</strong></h3><p>La batería de larga duración de 4.000 mAh asegura que podrás disfrutar de tu Galaxy S24 durante todo el día. Además, con la incorporación de la Inteligencia Artificial, tu dispositivo analiza tus patrones de uso y ajusta el consumo para que gaste menos. Su pantalla Dynamic AMOLED 2X con hasta 2600 nits de brillo te permite navegar, jugar o ver vídeos estés donde estés, ya que se regula en función de la luz ambiental y el entorno.</p><p><picture><source srcset=\"https://cms-images.mmst.eu/osyynfyvlyjc/2U4W4KpYWglthj0kQnhE4m/3a0c3f0c6cc7c9feebcd016a173fb0dd/712x712_6.jpg?q=70&amp;fm=webp&amp;w=712&amp;h=712\" media=\"(max-width: 511px)\"><source srcset=\"https://cms-images.mmst.eu/osyynfyvlyjc/2U4W4KpYWglthj0kQnhE4m/3a0c3f0c6cc7c9feebcd016a173fb0dd/712x712_6.jpg?q=70&amp;fm=webp&amp;w=712&amp;h=712\" media=\"(max-width: 751px)\"><source srcset=\"https://cms-images.mmst.eu/osyynfyvlyjc/7CsZkF8kcLupRLtHa4Lubp/71bee186679c64ebe4a96a5f8b8362db/1147x1147_6.jpg?q=70&amp;fm=webp&amp;w=1147&amp;h=1147\" media=\"(max-width: 1007px)\"><img src=\"https://cms-images.mmst.eu/osyynfyvlyjc/7CsZkF8kcLupRLtHa4Lubp/71bee186679c64ebe4a96a5f8b8362db/1147x1147_6.jpg?q=70&amp;fm=webp&amp;w=1147&amp;h=1147\" alt=\"\" width=\"459\" height=\"459\"></picture></p><h3><strong>Un smartphone que combina contigo</strong></h3><p>Galaxy S24 está disponible en cuatro colores: Amarillo Amber, Violeta Cobalt, Gris Marble y Negro Onyx. También podrás elegir la capacidad de memoria que desees, de 8GB + 128GB o 256GB de memoria interna. ¿Ya sabes cuál quieres?</p>', 969, 0, 5, 2, 1),
(5, ' Samsung Galaxy S24 Plus, Black, 512GB, 12GB ', '<p>Apple iPhone 15, Negro, 128 GB, 5G, 6.1\" OLED Super Retina XDR, Chip A16 Bionic, iOS</p><p><strong>Característica</strong>&nbsp;<br>Tamaño pantalla (cm): 15.49 cm&nbsp;<br>Tamaño pantalla (pulgadas): 6.1 \"&nbsp;<br>Tamaño Pantalla (cm/pulg.): 15.49 cm / 6.1 \"&nbsp;<br>Resolución (AlxAn); 2556 x 1179 pixels&nbsp;<br>Pantalla: OLED Super Retina XDR&nbsp;<br>Resolución Horizontal: 1179 pixels&nbsp;<br>Resolución Vertical: 2556 pixels&nbsp;<br>&nbsp;</p>', '<p><img src=\"https://cms-images.mmst.eu/osyynfyvlyjc/01BnMYVxKwkCNJ6SzS77e4/c4452dba45874305074d3ecbfe57bcf2/1147x1147_1.jpg?q=70&amp;fm=webp&amp;w=1147&amp;h=1147\" alt=\"\" width=\"459\" height=\"459\"></p><h3><strong>Un diseño de referencia con ADN Galaxy</strong></h3><p>El Galaxy S24 Ultra presenta el diseño icónico de la serie Ultra, compatible con S Pen, para que crees y trabajes sin límites. Con un bonito acabado metálico y marcos aún más pequeños, tu smartphone se ajusta a tus preferencias gracias a la tecnología One UI 6.1, que te permite customizarlo a tu gusto y, además, mantener tus datos e información a buen recaudo con la seguridad de Samsung Knox.</p><p><picture><source srcset=\"https://cms-images.mmst.eu/osyynfyvlyjc/AGAsh0tUDZx7B8aZwqibm/4bd91e2edc711cb67b91efc6763236ee/712x712_2.jpg?q=70&amp;fm=webp&amp;w=712&amp;h=712\" media=\"(max-width: 511px)\"><source srcset=\"https://cms-images.mmst.eu/osyynfyvlyjc/AGAsh0tUDZx7B8aZwqibm/4bd91e2edc711cb67b91efc6763236ee/712x712_2.jpg?q=70&amp;fm=webp&amp;w=712&amp;h=712\" media=\"(max-width: 751px)\"><source srcset=\"https://cms-images.mmst.eu/osyynfyvlyjc/haXMxEEPbjWw6z07zLTid/7595f9a0936a1c8838001001fb5862f5/1147x1147_2.jpg?q=70&amp;fm=webp&amp;w=1147&amp;h=1147\" media=\"(max-width: 1007px)\"><img src=\"https://cms-images.mmst.eu/osyynfyvlyjc/haXMxEEPbjWw6z07zLTid/7595f9a0936a1c8838001001fb5862f5/1147x1147_2.jpg?q=70&amp;fm=webp&amp;w=1147&amp;h=1147\" alt=\"\" width=\"459\" height=\"459\"></picture></p><h3><strong>Un dispositivo que razona, planifica y crea</strong></h3><p>Si hay algo que destaca del nuevo lanzamiento de Samsung, es la innovación a la hora de interactuar con la información y el medio que nos rodea. La Inteligencia Artificial resuelve tus dudas y te presenta funciones impresionantes. Por ejemplo, te permite traducir al instante llamadas y chats, encontrar información haciendo un simple gesto en tu pantalla, y ahorrar tiempo navegando por internet con su Web Assist. Además, incorpora herramientas, como Note Assist y Transcript Assist, para ayudarte a trabajar y estudiar de manera aún más productiva.</p><p><picture><source srcset=\"https://cms-images.mmst.eu/osyynfyvlyjc/79wa1kTGHAtwSEQl4DrZPa/9b0606a6d66bb7020f2b36d3a865c38f/712x712__3.jpg?q=70&amp;fm=webp&amp;w=712&amp;h=712\" media=\"(max-width: 751px)\"><source srcset=\"https://cms-images.mmst.eu/osyynfyvlyjc/3OdZJ022BQwT6adBZ6dFjP/310462339f7370ec1d3eaa28b193eeda/1147x1147_3.jpg?q=70&amp;fm=webp&amp;w=1147&amp;h=1147\" media=\"(max-width: 1007px)\"><img src=\"https://cms-images.mmst.eu/osyynfyvlyjc/3OdZJ022BQwT6adBZ6dFjP/310462339f7370ec1d3eaa28b193eeda/1147x1147_3.jpg?q=70&amp;fm=webp&amp;w=1147&amp;h=1147\" alt=\"\" width=\"459\" height=\"459\"></picture></p><h3><strong>Eleva tu experiencia de fotografía</strong></h3><p>El modelo más avanzado de la nueva Serie S te ofrece una tecnología cámara premium, con 200MP de resolución. Con Quad Zoom, solo disponible en Galaxy S24 Ultra, será como si llevaras un completo kit de lentes en el bolsillo. Y es que podrás tomar fotos y vídeos con hasta 4 niveles de zoom sin perder calidad. Ahora, con la asistencia de la Inteligencia Artificial y sus diferentes funciones, las herramientas de los profesionales están a tu alcance para que captures entornos con poca luz con detalles infinitos, retoques encuadres, sombras, reflejos e incluso cambies la disposición a tu gusto y remasterices imágenes antiguas.</p><p><picture><source srcset=\"https://cms-images.mmst.eu/osyynfyvlyjc/RgkXG2GerepPpIwfEGYdf/000c85a8125b642425be5a81a108183b/1147x1147_4.jpg?q=70&amp;fm=webp&amp;w=1147&amp;h=1147\" media=\"(max-width: 511px)\"><source srcset=\"https://cms-images.mmst.eu/osyynfyvlyjc/RgkXG2GerepPpIwfEGYdf/000c85a8125b642425be5a81a108183b/1147x1147_4.jpg?q=70&amp;fm=webp&amp;w=1147&amp;h=1147\" media=\"(max-width: 751px)\"><source srcset=\"https://cms-images.mmst.eu/osyynfyvlyjc/RgkXG2GerepPpIwfEGYdf/000c85a8125b642425be5a81a108183b/1147x1147_4.jpg?q=70&amp;fm=webp&amp;w=1147&amp;h=1147\" media=\"(max-width: 1007px)\"><img src=\"https://cms-images.mmst.eu/osyynfyvlyjc/RgkXG2GerepPpIwfEGYdf/000c85a8125b642425be5a81a108183b/1147x1147_4.jpg?q=70&amp;fm=webp&amp;w=1147&amp;h=1147\" alt=\"\" width=\"459\" height=\"459\"></picture></p><h3><strong>El chip más potente jamás visto en un Galaxy</strong></h3><p>Si algo hay que remarcar de este modelo de la Serie S24 es su procesador. El Snapdragon 8 Gen 3 de 4nm te ofrece el máximo rendimiento sin comprometer la eficiencia. Su sistema de refrigeración es un 90% más grande, lo que reduce la temperatura y te garantiza una experiencia premium. Además, es compatible con la tecnología Ray Tracing, que está presente en los videojuegos más exclusivos, y con la que podrás divertirte sin límites.</p><p><picture><source srcset=\"https://cms-images.mmst.eu/osyynfyvlyjc/5BwMLsKsD1b4mEpqTIZUQr/122d536f3b639dddacf4a61ba51be4c2/712x712__5.jpg?q=70&amp;fm=webp&amp;w=712&amp;h=712\" media=\"(max-width: 511px)\"><source srcset=\"https://cms-images.mmst.eu/osyynfyvlyjc/3iEwAHN1A7C6rceyeGn0O0/ae232b21632ffce248f0e6821ee5e063/1147x1147_5.jpg?q=70&amp;fm=webp&amp;w=1147&amp;h=1147\" media=\"(max-width: 751px)\"><source srcset=\"https://cms-images.mmst.eu/osyynfyvlyjc/3iEwAHN1A7C6rceyeGn0O0/ae232b21632ffce248f0e6821ee5e063/1147x1147_5.jpg?q=70&amp;fm=webp&amp;w=1147&amp;h=1147\" media=\"(max-width: 1007px)\"><img src=\"https://cms-images.mmst.eu/osyynfyvlyjc/3iEwAHN1A7C6rceyeGn0O0/ae232b21632ffce248f0e6821ee5e063/1147x1147_5.jpg?q=70&amp;fm=webp&amp;w=1147&amp;h=1147\" alt=\"\" width=\"459\" height=\"459\"></picture></p><h3><strong>Un dispositivo que aguanta tanto como tú</strong></h3><p>La batería de tu Galaxy S24 Ultra sienta precedentes. Con 5000 mAh y la Inteligencia Artificial que aprende de tus patrones de uso para mejorar la duración de tu dispositivo, no habrá quien te pare. Podrás navegar, ver tus películas y series favoritas y jugar estés donde estés gracias a su pantalla inteligente Dynamic AMOLED 2X que, con hasta 2600 nits de brillo, se adapta a la luz y el entorno.</p><p><picture><source srcset=\"https://cms-images.mmst.eu/osyynfyvlyjc/zZGfH3fjTh6JMuVOuI51m/68942a045787bbc17e1a07f5efbd6db3/712x712_6.jpg?q=70&amp;fm=webp&amp;w=712&amp;h=712\" media=\"(max-width: 511px)\"><source srcset=\"https://cms-images.mmst.eu/osyynfyvlyjc/zZGfH3fjTh6JMuVOuI51m/68942a045787bbc17e1a07f5efbd6db3/712x712_6.jpg?q=70&amp;fm=webp&amp;w=712&amp;h=712\" media=\"(max-width: 751px)\"><source srcset=\"https://cms-images.mmst.eu/osyynfyvlyjc/4eCVMDMWrKWQUCuKMF6YXZ/aca4f0a3071c0166b84f365917e12fea/1147x1147_6.jpg?q=70&amp;fm=webp&amp;w=1147&amp;h=1147\" media=\"(max-width: 1007px)\"><img src=\"https://cms-images.mmst.eu/osyynfyvlyjc/4eCVMDMWrKWQUCuKMF6YXZ/aca4f0a3071c0166b84f365917e12fea/1147x1147_6.jpg?q=70&amp;fm=webp&amp;w=1147&amp;h=1147\" alt=\"\" width=\"459\" height=\"459\"></picture></p><h3><strong>¿Cuál es tu preferido?</strong></h3><p>Galaxy S24 Ultra es el único de la serie que tiene un acabado en titanio, en los colores Amarillo Titanium, Violeta Titanium, Gris Titanium y Negro Titanium. También te ofrece la máxima capacidad de memoria: 12GB de RAM + 256GB, 512GB o hasta 1 TB de memoria interna. ¡No esperes más!</p><p>&nbsp;</p>', 1159, 12, 0, 2, 1),
(6, 'Samsung Galaxy S24 Ultra, Black, 512GB, 12GB', '<p>Apple iPhone 15, Negro, 128 GB, 5G, 6.1\" OLED Super Retina XDR, Chip A16 Bionic, iOS</p><p><strong>Característica</strong>&nbsp;<br>Tamaño pantalla (cm): 15.49 cm&nbsp;<br>Tamaño pantalla (pulgadas): 6.1 \"&nbsp;<br>Tamaño Pantalla (cm/pulg.): 15.49 cm / 6.1 \"&nbsp;<br>Resolución (AlxAn); 2556 x 1179 pixels&nbsp;<br>Pantalla: OLED Super Retina XDR&nbsp;<br>Resolución Horizontal: 1179 pixels&nbsp;<br>Resolución Vertical: 2556 pixels&nbsp;<br>&nbsp;</p>', '<p><img src=\"https://cms-images.mmst.eu/osyynfyvlyjc/01BnMYVxKwkCNJ6SzS77e4/c4452dba45874305074d3ecbfe57bcf2/1147x1147_1.jpg?q=70&amp;fm=webp&amp;w=1147&amp;h=1147\" alt=\"\" width=\"459\" height=\"459\"></p><h3><strong>Un diseño de referencia con ADN Galaxy</strong></h3><p>El Galaxy S24 Ultra presenta el diseño icónico de la serie Ultra, compatible con S Pen, para que crees y trabajes sin límites. Con un bonito acabado metálico y marcos aún más pequeños, tu smartphone se ajusta a tus preferencias gracias a la tecnología One UI 6.1, que te permite customizarlo a tu gusto y, además, mantener tus datos e información a buen recaudo con la seguridad de Samsung Knox.</p><p><picture><source srcset=\"https://cms-images.mmst.eu/osyynfyvlyjc/AGAsh0tUDZx7B8aZwqibm/4bd91e2edc711cb67b91efc6763236ee/712x712_2.jpg?q=70&amp;fm=webp&amp;w=712&amp;h=712\" media=\"(max-width: 511px)\"><source srcset=\"https://cms-images.mmst.eu/osyynfyvlyjc/AGAsh0tUDZx7B8aZwqibm/4bd91e2edc711cb67b91efc6763236ee/712x712_2.jpg?q=70&amp;fm=webp&amp;w=712&amp;h=712\" media=\"(max-width: 751px)\"><source srcset=\"https://cms-images.mmst.eu/osyynfyvlyjc/haXMxEEPbjWw6z07zLTid/7595f9a0936a1c8838001001fb5862f5/1147x1147_2.jpg?q=70&amp;fm=webp&amp;w=1147&amp;h=1147\" media=\"(max-width: 1007px)\"><img src=\"https://cms-images.mmst.eu/osyynfyvlyjc/haXMxEEPbjWw6z07zLTid/7595f9a0936a1c8838001001fb5862f5/1147x1147_2.jpg?q=70&amp;fm=webp&amp;w=1147&amp;h=1147\" alt=\"\" width=\"459\" height=\"459\"></picture></p><h3><strong>Un dispositivo que razona, planifica y crea</strong></h3><p>Si hay algo que destaca del nuevo lanzamiento de Samsung, es la innovación a la hora de interactuar con la información y el medio que nos rodea. La Inteligencia Artificial resuelve tus dudas y te presenta funciones impresionantes. Por ejemplo, te permite traducir al instante llamadas y chats, encontrar información haciendo un simple gesto en tu pantalla, y ahorrar tiempo navegando por internet con su Web Assist. Además, incorpora herramientas, como Note Assist y Transcript Assist, para ayudarte a trabajar y estudiar de manera aún más productiva.</p><p><picture><source srcset=\"https://cms-images.mmst.eu/osyynfyvlyjc/79wa1kTGHAtwSEQl4DrZPa/9b0606a6d66bb7020f2b36d3a865c38f/712x712__3.jpg?q=70&amp;fm=webp&amp;w=712&amp;h=712\" media=\"(max-width: 751px)\"><source srcset=\"https://cms-images.mmst.eu/osyynfyvlyjc/3OdZJ022BQwT6adBZ6dFjP/310462339f7370ec1d3eaa28b193eeda/1147x1147_3.jpg?q=70&amp;fm=webp&amp;w=1147&amp;h=1147\" media=\"(max-width: 1007px)\"><img src=\"https://cms-images.mmst.eu/osyynfyvlyjc/3OdZJ022BQwT6adBZ6dFjP/310462339f7370ec1d3eaa28b193eeda/1147x1147_3.jpg?q=70&amp;fm=webp&amp;w=1147&amp;h=1147\" alt=\"\" width=\"459\" height=\"459\"></picture></p><h3><strong>Eleva tu experiencia de fotografía</strong></h3><p>El modelo más avanzado de la nueva Serie S te ofrece una tecnología cámara premium, con 200MP de resolución. Con Quad Zoom, solo disponible en Galaxy S24 Ultra, será como si llevaras un completo kit de lentes en el bolsillo. Y es que podrás tomar fotos y vídeos con hasta 4 niveles de zoom sin perder calidad. Ahora, con la asistencia de la Inteligencia Artificial y sus diferentes funciones, las herramientas de los profesionales están a tu alcance para que captures entornos con poca luz con detalles infinitos, retoques encuadres, sombras, reflejos e incluso cambies la disposición a tu gusto y remasterices imágenes antiguas.</p><p><picture><source srcset=\"https://cms-images.mmst.eu/osyynfyvlyjc/RgkXG2GerepPpIwfEGYdf/000c85a8125b642425be5a81a108183b/1147x1147_4.jpg?q=70&amp;fm=webp&amp;w=1147&amp;h=1147\" media=\"(max-width: 511px)\"><source srcset=\"https://cms-images.mmst.eu/osyynfyvlyjc/RgkXG2GerepPpIwfEGYdf/000c85a8125b642425be5a81a108183b/1147x1147_4.jpg?q=70&amp;fm=webp&amp;w=1147&amp;h=1147\" media=\"(max-width: 751px)\"><source srcset=\"https://cms-images.mmst.eu/osyynfyvlyjc/RgkXG2GerepPpIwfEGYdf/000c85a8125b642425be5a81a108183b/1147x1147_4.jpg?q=70&amp;fm=webp&amp;w=1147&amp;h=1147\" media=\"(max-width: 1007px)\"><img src=\"https://cms-images.mmst.eu/osyynfyvlyjc/RgkXG2GerepPpIwfEGYdf/000c85a8125b642425be5a81a108183b/1147x1147_4.jpg?q=70&amp;fm=webp&amp;w=1147&amp;h=1147\" alt=\"\" width=\"459\" height=\"459\"></picture></p><h3><strong>El chip más potente jamás visto en un Galaxy</strong></h3><p>Si algo hay que remarcar de este modelo de la Serie S24 es su procesador. El Snapdragon 8 Gen 3 de 4nm te ofrece el máximo rendimiento sin comprometer la eficiencia. Su sistema de refrigeración es un 90% más grande, lo que reduce la temperatura y te garantiza una experiencia premium. Además, es compatible con la tecnología Ray Tracing, que está presente en los videojuegos más exclusivos, y con la que podrás divertirte sin límites.</p><p><picture><source srcset=\"https://cms-images.mmst.eu/osyynfyvlyjc/5BwMLsKsD1b4mEpqTIZUQr/122d536f3b639dddacf4a61ba51be4c2/712x712__5.jpg?q=70&amp;fm=webp&amp;w=712&amp;h=712\" media=\"(max-width: 511px)\"><source srcset=\"https://cms-images.mmst.eu/osyynfyvlyjc/3iEwAHN1A7C6rceyeGn0O0/ae232b21632ffce248f0e6821ee5e063/1147x1147_5.jpg?q=70&amp;fm=webp&amp;w=1147&amp;h=1147\" media=\"(max-width: 751px)\"><source srcset=\"https://cms-images.mmst.eu/osyynfyvlyjc/3iEwAHN1A7C6rceyeGn0O0/ae232b21632ffce248f0e6821ee5e063/1147x1147_5.jpg?q=70&amp;fm=webp&amp;w=1147&amp;h=1147\" media=\"(max-width: 1007px)\"><img src=\"https://cms-images.mmst.eu/osyynfyvlyjc/3iEwAHN1A7C6rceyeGn0O0/ae232b21632ffce248f0e6821ee5e063/1147x1147_5.jpg?q=70&amp;fm=webp&amp;w=1147&amp;h=1147\" alt=\"\" width=\"459\" height=\"459\"></picture></p><h3><strong>Un dispositivo que aguanta tanto como tú</strong></h3><p>La batería de tu Galaxy S24 Ultra sienta precedentes. Con 5000 mAh y la Inteligencia Artificial que aprende de tus patrones de uso para mejorar la duración de tu dispositivo, no habrá quien te pare. Podrás navegar, ver tus películas y series favoritas y jugar estés donde estés gracias a su pantalla inteligente Dynamic AMOLED 2X que, con hasta 2600 nits de brillo, se adapta a la luz y el entorno.</p><p><picture><source srcset=\"https://cms-images.mmst.eu/osyynfyvlyjc/zZGfH3fjTh6JMuVOuI51m/68942a045787bbc17e1a07f5efbd6db3/712x712_6.jpg?q=70&amp;fm=webp&amp;w=712&amp;h=712\" media=\"(max-width: 511px)\"><source srcset=\"https://cms-images.mmst.eu/osyynfyvlyjc/zZGfH3fjTh6JMuVOuI51m/68942a045787bbc17e1a07f5efbd6db3/712x712_6.jpg?q=70&amp;fm=webp&amp;w=712&amp;h=712\" media=\"(max-width: 751px)\"><source srcset=\"https://cms-images.mmst.eu/osyynfyvlyjc/4eCVMDMWrKWQUCuKMF6YXZ/aca4f0a3071c0166b84f365917e12fea/1147x1147_6.jpg?q=70&amp;fm=webp&amp;w=1147&amp;h=1147\" media=\"(max-width: 1007px)\"><img src=\"https://cms-images.mmst.eu/osyynfyvlyjc/4eCVMDMWrKWQUCuKMF6YXZ/aca4f0a3071c0166b84f365917e12fea/1147x1147_6.jpg?q=70&amp;fm=webp&amp;w=1147&amp;h=1147\" alt=\"\" width=\"459\" height=\"459\"></picture></p><h3><strong>¿Cuál es tu preferido?</strong></h3><p>Galaxy S24 Ultra es el único de la serie que tiene un acabado en titanio, en los colores Amarillo Titanium, Violeta Titanium, Gris Titanium y Negro Titanium. También te ofrece la máxima capacidad de memoria: 12GB de RAM + 256GB, 512GB o hasta 1 TB de memoria interna. ¡No esperes más!</p><p>&nbsp;</p>', 1579, 0, 1, 2, 1);
INSERT INTO `productos` (`id`, `nombre`, `descripcion`, `descripcion1`, `precio`, `descuento`, `stock`, `id_categoria`, `activo`) VALUES
(7, 'Xiaomi Redmi Note 13, 5G Negro 12GB, 512GB', '<p><strong>Smartphone 5G-LTE Dual SIM IP68 - Dimensity 7200 Octo-Core 2,8 GHz - RAM 12 GB - Pantalla táctil AMOLED 120 Hz 6,67\" 1220 x 2712 - 512 GB - NFC/Bluetooth 5.3 - 5000 mAh - Android 13.</strong></p><p><strong>ESPECIFICACIONES CLAVE:</strong></p><ul><li><strong>Procesador </strong>: MediaTek Dimensity 7200 Octo-Core a 2,8 GHz</li><li><strong>Sistema </strong>: Android 13 con MIUI14</li><li><strong>Pantalla </strong>: AMOLED de 6,67\", 1,5K, 1220 x 2712 píxeles, frecuencia de actualización de 120 Hz, frecuencia de muestreo de hasta 240 Hz, 500 nits</li><li><strong>RAM </strong>: 12 GB</li><li><strong>Cámaratrasera </strong>: sensor principal de 200 MP + sensor ultra gran angular de 8 MP + cámara macro de 2 MP, Inteligencia Artificial</li><li><strong>Cámara </strong>frontal: cámara de 16 MP</li><li><strong>Almacenamiento </strong>: 512 GB (ampliable a 1 TB mediante tarjeta microSDXC)</li><li><strong>Conectividad </strong>: BT 5.6, A-GPS, GPS, GLONASS, Wi-Fi 802.11 a/b/g/n/ac/ax, USB-C, conector de 3,5 mm, lector de huellas bajo la pantalla, reconocimiento facial</li><li><strong>Batería:</strong> 5000 mAh con carga rápida de 120 W</li><li><strong>Dimensiones:</strong> 161,4 x 74,2 x 8,9 mm, 204,8 g</li></ul>', '<p><strong>Descripción</strong></p><figure class=\"image\"><picture><source srcset=\"https://cms-images.mmst.eu/osyynfyvlyjc/7lymc6mnDXcZKGUBhjQqsl/109b1f8c5f7a474bb2ee6fd62f159f01/Camara_320x180.jpg?q=70&amp;fm=webp&amp;w=320&amp;h=180\" media=\"(max-width: 511px)\"><source srcset=\"https://cms-images.mmst.eu/osyynfyvlyjc/7kQAKaDlDDIw9y9sQUMggo/77cb4903497dc0c143e44d3548cba263/Camara_480x270.jpg?q=70&amp;fm=webp&amp;w=480&amp;h=270\" media=\"(max-width: 751px)\"><source srcset=\"https://cms-images.mmst.eu/osyynfyvlyjc/dyy2D4VcBRAR9ogNC3mN5/e80412e680b1d780b45697931c90935b/Camara_640x360.jpg?q=70&amp;fm=webp&amp;w=640&amp;h=360\" media=\"(max-width: 1007px)\"><img src=\"https://cms-images.mmst.eu/osyynfyvlyjc/dyy2D4VcBRAR9ogNC3mN5/e80412e680b1d780b45697931c90935b/Camara_640x360.jpg?q=70&amp;fm=webp&amp;w=640&amp;h=360\" alt=\"\" width=\"459\" height=\"258\"></picture></figure><h3><strong>Cámara triple de 200 MP con OIS</strong></h3><p>Captura la grandeza de todo tu mundo con el sistema de cámara triple del Redmi Note 13 Pro+ 5G, que incluye una increíble cámara principal de 200 MP con Estabilización Óptica de la Imagen. Además, con las cámaras dedicadas ultra gran angular y macro, tendrás aún más formas de ver y capturar el entorno.</p><figure class=\"image\"><picture><source srcset=\"https://cms-images.mmst.eu/osyynfyvlyjc/5biw3wQPcitO8XrWUK9TvE/dde57c2aaf537a446d052cfc47020ce6/Estilo_320x180_.jpg?q=70&amp;fm=webp&amp;w=320&amp;h=180\" media=\"(max-width: 511px)\"><source srcset=\"https://cms-images.mmst.eu/osyynfyvlyjc/5noXNpaWjm73TUBmee4mJy/dba3caf6ac6c2af0079fb96ef17258c0/Estilo_480x270_.jpg?q=70&amp;fm=webp&amp;w=480&amp;h=270\" media=\"(max-width: 751px)\"><source srcset=\"https://cms-images.mmst.eu/osyynfyvlyjc/1YQ9j7CP9fQVLsgtrUM2PR/52389d7a193cd1f8c719e0e82346f985/Estilo_640x360.jpg?q=70&amp;fm=webp&amp;w=640&amp;h=360\" media=\"(max-width: 1007px)\"><img src=\"https://cms-images.mmst.eu/osyynfyvlyjc/1YQ9j7CP9fQVLsgtrUM2PR/52389d7a193cd1f8c719e0e82346f985/Estilo_640x360.jpg?q=70&amp;fm=webp&amp;w=640&amp;h=360\" alt=\"\" width=\"459\" height=\"258\"></picture></figure><h3><strong>Descubre el estilo más icónico</strong></h3><p>Crea historias únicas con cada disparo utilizando filmCamera y filmFrame, una serie de filtros fotográficos icónicos y marcos digitales basados en auténticos estilos cinematográficos vintage. Redescubre una estética de épocas pasadas que transforma fotos corrientes en nostálgicas expresiones de arte e identidad.</p><figure class=\"image\"><picture><source srcset=\"https://cms-images.mmst.eu/osyynfyvlyjc/5nxqk1e9Cg9piDwBFid9RN/9ec04ce0cfd6aabd72795bdd0e02dbf7/AMOLED_320x180_.jpg?q=70&amp;fm=webp&amp;w=320&amp;h=180\" media=\"(max-width: 511px)\"><source srcset=\"https://cms-images.mmst.eu/osyynfyvlyjc/4fZMggaAZDq5Bm0Wkyj0sE/b8de591afc0eea1aaf852f9588ae83eb/AMOLED_480x270_.jpg?q=70&amp;fm=webp&amp;w=480&amp;h=270\" media=\"(max-width: 751px)\"><source srcset=\"https://cms-images.mmst.eu/osyynfyvlyjc/3KZgfUzFwiAiH8Adu1tj16/fe0f5a91b6a51781abb6c1d61497788b/AMOLED_640x360_copia.jpg?q=70&amp;fm=webp&amp;w=640&amp;h=360\" media=\"(max-width: 1007px)\"><img src=\"https://cms-images.mmst.eu/osyynfyvlyjc/3KZgfUzFwiAiH8Adu1tj16/fe0f5a91b6a51781abb6c1d61497788b/AMOLED_640x360_copia.jpg?q=70&amp;fm=webp&amp;w=640&amp;h=360\" alt=\"\" width=\"459\" height=\"258\"></picture></figure><h3><strong>Pantalla AMOLED CrystalRes de 1,5K</strong></h3><p>Redmi Note 13 Pro+ 5G ofrece una experiencia visual soberbia gracias a su nueva pantalla CrystalRes AMOLED. Con una resolución de 2712x1220, obtienes imágenes más nítidas y visuales cristalinas, además de una increíble profundidad de color, una amplia gama de colores y un brillo impresionante. Además, con los potentes altavoces duales, disfrutar de tus contenidos favoritos nunca había sido tan agradable.</p><figure class=\"image\"><picture><source srcset=\"https://cms-images.mmst.eu/osyynfyvlyjc/7o5kpgG1nxi9RmISlCMeZG/db292557737c8619cc255ced8f9c6632/IP68_320x180_.jpg?q=70&amp;fm=webp&amp;w=320&amp;h=180\" media=\"(max-width: 511px)\"><source srcset=\"https://cms-images.mmst.eu/osyynfyvlyjc/2jVfToDPIoWrGEb58fZu7U/40cc4234e16dfaeafe5935f6423a66a7/IP68_480x270_.jpg?q=70&amp;fm=webp&amp;w=480&amp;h=270\" media=\"(max-width: 751px)\"><source srcset=\"https://cms-images.mmst.eu/osyynfyvlyjc/5evcnJ7xyjOv7SjmjfZ5CI/2227746573836bad57beb6410202918c/IP68__640x360_.jpg?q=70&amp;fm=webp&amp;w=640&amp;h=360\" media=\"(max-width: 1007px)\"><img src=\"https://cms-images.mmst.eu/osyynfyvlyjc/5evcnJ7xyjOv7SjmjfZ5CI/2227746573836bad57beb6410202918c/IP68__640x360_.jpg?q=70&amp;fm=webp&amp;w=640&amp;h=360\" alt=\"\" width=\"459\" height=\"258\"></picture></figure><h3><strong>IP68</strong></h3><p>Con una clasificación IP68, Redmi Note 13 Pro+ 5G cuenta con la mejor protección de su clase contra el agua y el polvo. Además, la pantalla del Redmi Note 13 Pro+ 5G se ha optimizado para mejorar el reconocimiento y el control táctil, evitando disparos accidentales con el agua.</p><figure class=\"image\"><picture><source srcset=\"https://cms-images.mmst.eu/osyynfyvlyjc/1JeyXxHMVzHncCmlTQD0Lq/defa6fc399c3ddcf86649d059b785677/Chipset_320x180.jpg?q=70&amp;fm=webp&amp;w=320&amp;h=180\" media=\"(max-width: 511px)\"><source srcset=\"https://cms-images.mmst.eu/osyynfyvlyjc/8dYQ4cM2LLCbJUDUiusNz/e93bf430b21fef481630628ae0bf32f7/Chipset_480x270_.jpg?q=70&amp;fm=webp&amp;w=480&amp;h=270\" media=\"(max-width: 751px)\"><source srcset=\"https://cms-images.mmst.eu/osyynfyvlyjc/5okGlgyuKUId7bSxP2lQ1B/53dca2e068fc3b72a68ea2d07d8aec22/Chipset_640x360_.jpg?q=70&amp;fm=webp&amp;w=640&amp;h=360\" media=\"(max-width: 1007px)\"><img src=\"https://cms-images.mmst.eu/osyynfyvlyjc/5okGlgyuKUId7bSxP2lQ1B/53dca2e068fc3b72a68ea2d07d8aec22/Chipset_640x360_.jpg?q=70&amp;fm=webp&amp;w=640&amp;h=360\" alt=\"\" width=\"459\" height=\"258\"></picture></figure><h3><strong>Rendimiento líder: Chipset de 4 nm</strong></h3><p>El corazón del increíble rendimiento del Redmi Note 13 Pro+ 5G es el MediaTek Dimensity 7200-Ultra. Con un proceso de 4 nm a nivel de buque insignia, aporta un rendimiento, eficiencia y estabilidad líderes a tu experiencia.</p><p>&nbsp;</p>', 485, 10, 4, 3, 1),
(8, 'Xiaomi Poco X6 Pro 5G Negro (12GB / 512GB)', '<p><strong>Smartphone 5G-LTE Dual SIM IP54 - Snapdragon 7s Gen 2 8-Core 2.2 GHz - RAM 12 Go - Écran táctil AMOLED 120 Hz 6.67\" 1220 x 2712 - 512 Go - NFC/Bluetooth 5.3 - 5000 mAh - Android 14</strong></p><p><strong>CARACTERÍSTICAS PRINCIPALES:</strong></p><ul><li><strong>Procesador </strong>: Qualcomm Snapdragon 7s Gen 2 Octo-Core funcionando a 2,2 GHz</li><li><strong>Sistema </strong>: Android 14 + MIUI 15</li><li><strong>Pantalla</strong>: AMOLED CrystalRes 1.5K, 6,67\" con resolución de 1220 x 2712 píxeles, frecuencia de actualización de hasta 120 Hz, frecuencia de muestreo táctil de hasta 2160 Hz, contraste de 5000000:1, Corning Gorilla Glass Victus, Dolby Vision</li><li><strong>RAM </strong>: 12 GB</li><li><strong>Cámara principal </strong>: 64 MP (OIS, sensor de 1/2\", f/1,79) + 8 MP (ultra gran angular) + 2 MP (macro, f/2,4), Inteligencia Artificial, modo nocturno, vídeo 4K</li><li><strong>Cámara secundaria </strong>: 16 MP</li><li><strong>Almacenamiento </strong>: 512 GB</li><li><strong>Conectividad </strong>: BT 5.3, 5G, GPS, Wi-Fi 802.11 a/b/g/n/ac/ax, USB-C, conector de 3,5 mm, lector de huellas bajo la pantalla, reconocimiento facial</li><li><strong>Batería:</strong> 5000 mAh con carga rápida de 67 W</li><li><strong>Dimensiones:</strong> 160,45 x 74,34 x 8,25 mm, 190 g</li></ul>', '', 400, 15, 1, 3, 1),
(9, 'Xiaomi Redmi Note 13 4G Verde (8GB / 256GB)', '<p><strong>Smartphone 4G-LTE Advanced Dual SIM IP54 - Snapdragon 685 Octo-Core 2,8 GHz - RAM 8 GB - Pantalla táctil AMOLED 120 Hz 6,67\" 1080 x 2400 - 256 GB - NFC/Bluetooth 5.1 - 5000 mAh - Android 13</strong><br><br><strong>CARACTERÍSTICAS PRINCIPALES:</strong></p><ul><li><strong>Procesador </strong>: Qualcomm Snapdragon 685 Octo-Core a 2,8 GHz</li><li><strong>Sistema </strong>: Android 13 con MIUI14</li><li><strong>Pantalla </strong>: 6,67\", AMOLED, resolución Full HD+ 1080 x 2400 píxeles, frecuencia de actualización de 120 Hz, frecuencia de muestreo de hasta 240 Hz, 500 nits</li><li><strong>RAM </strong>: 8 GB</li><li><strong>Cámaratrasera </strong>: sensor principal de 108 MP + sensor ultra gran angular de 8 MP + cámara macro de 2 MP, vídeo 1080p, Inteligencia Artificial</li><li><strong>Cámara </strong>frontal: cámara de 16 MP</li><li><strong>Almacenamiento </strong>: 256 GB (ampliable a 1 TB mediante tarjeta microSDXC)</li><li><strong>Conectividad </strong>: BT 5.1, A-GPS, GPS, GLONASS, Wi-Fi 802.11 a/b/g/n/ac, USB-C, conector de 3,5 mm, lector de huellas bajo la pantalla, reconocimiento facial</li><li><strong>Batería:</strong> 5000 mAh con carga rápida de 33 W</li><li><strong>Dimensiones:</strong> 162,24 x 75,55 x 7,99 mm, 188,5 g</li></ul>', '', 245, 18, 2, 3, 1),
(19, 'Xiaomi Poco M6 Pro 5G Negro (12 GB / 512 GB)', '<p><strong>Smartphone 5G-LTE Dual SIM IP54 - Helio G99-Ultra 8-Core 2,2 GHz - RAM 12 Go - Pantalla táctil AMOLED 120 Hz 6,67\" 1080 x 2400 - 512 Go - NFC/Bluetooth 5.2 - 5000 mAh - Android 13.</strong><br><br><strong>CARACTERÍSTICAS PRINCIPALES:</strong></p><ul><li><strong>Procesador </strong>: MediaTek Helio G99-Ultra Octo-Core a 2,2 GHz</li><li><strong>Sistema </strong>: Android 13 + MIUI 14</li><li><strong>Pantalla</strong>: AMOLED, 6,67\" con resolución Full HD+ de 1080 x 2400 píxeles, frecuencia de actualización de hasta 120 Hz, frecuencia de muestreo táctil de hasta 240 Hz, relación de contraste de 5000000:1</li><li><strong>RAM </strong>: 12 GB</li><li><strong>Cámara principal </strong>: 64 MP (OIS, sensor de 1/2\", f/1,79) + 8 MP (ultra gran angular) + 2 MP (macro, f/2,4), Inteligencia Artificial, modo nocturno, vídeo 4K</li><li><strong>Cámara secundaria </strong>: 16 MP</li><li><strong>Almacenamiento </strong>: 512 GB (ampliable a 1 TB mediante microSDXC)</li><li><strong>Conectividad </strong>: BT 5.2, 5G, GPS, Wi-Fi 802.11 a/b/g/n/ac, USB-C, conector de 3,5 mm, lector de huellas bajo la pantalla, reconocimiento facial</li><li><strong>Batería:</strong> 5000 mAh con carga rápida de 67 W</li><li><strong>Dimensiones:</strong> 161,1 x 74,95 x 7,98 mm con un peso de 179 g<br>&nbsp;</li></ul>', '', 294, 11, 5, 3, 1),
(20, 'OPPO Reno8 Pro 5G Negro (8GB / 256GB)', '<p><strong>Smartphone 5G-LTE Dual SIM IP54 - MediaTek Dimensity 8100 MAX 8-Core 2.85 GHz - RAM 8 GB - Pantalla táctil AMOLED 120 Hz 6.7\" 1080 x 2412 - 256 GB - NFC/Bluetooth 5.3 - 4500 mAh - Android 12</strong><br><br><strong>CARACTERÍSTICAS PRINCIPALES :</strong></p><ul><li><strong>Procesador:</strong> MediaTek Dimensity 8100 MAX Octo-Core a 2,85 GHz, GPU ARM Mali-G610 MC6</li><li><strong>Sistema:</strong> Android 12 con ColorOS 12.1</li><li><strong>Pantalla:</strong> 6,7\" con resolución Full HD+ de 1080 x 2412 píxeles, 394 ppi, relación 20,1:9, AMOLED, frecuencia de actualización de 120 Hz, frecuencia de muestreo de 125 Hz (360 Hz en el modo de juego y 1000 Hz para los juegos compatibles), brillo de hasta 950 nits, HDR</li><li><strong>RAM:</strong> 8 GB</li><li><strong>APN principal:</strong> sensor principal de 50 MP (23mm, F1.8, 86°, 7P, VCM, EIS, zoom digital de hasta 20x) + 8 MP (Sony IMX355, 1/4\", 1,12 μm, 4:3, 16mm, F2.2, 112°, 5P, FF) + 2 MP (macro, 1/5\", 1,75 μm, 4:3, 22mm, F2.4, 89°, 3P, FF), vídeo 4K30fps, modo nocturno, vista dual, cámara lenta, timelapse, Inteligencia Artificial</li><li><strong>PNP frontal:</strong> sensor principal de 32 MP (Sony IMX709, 1/2,74\", 0,8 μm, 4:3, 23 mm, apertura F2,4, 85°, 5P, FF, EIS), modo nocturno, panorámica, timelapse, vídeo 1080p</li><li><strong>Almacenamiento:</strong> 256 GB</li><li><strong>Conectividad: 5G </strong>, BT 5.3, GPS, 802.11a/b/g/n/ac/ax, Wi-Fi 2.4G/5.1G/ 5.8G, Wi-Fi Display, USB-C, NFC, reconocimiento facial, lector de huellas dactilares bajo la pantalla</li><li><strong>Batería</strong>: 4500 mAh con carga rápida de 80W</li><li><strong>Dimensiones: </strong>161,2 x 74,2 x 7,34 mm y 183 g</li></ul>', '', 736, 21, 2, 4, 1),
(21, 'HUAWEI nova 12i, Negro, 8GB, 128GB', '<p>Smartphone 5G-LTE IP68 Dual SIM - Pantalla Super Retina XDR OLED 6,7\" 1179 x 2556 - 128 GB - NFC/Bluetooth 5.3&nbsp;<br><br><strong>CARACTERÍSTICAS PRINCIPALES:</strong></p><ul><li><strong>Procesador:</strong> Qualcomm Snapdragon 8 Gen 3 Octo-Core a 3,39 GHz</li><li><strong>Sistema</strong>: Android 14 (superposición Samsung One UI 6.1)</li><li><strong>Pantalla:</strong> Infinity-O de 6,8 pulgadas, resolución Quad HD+ de 1440 x 3120 píxeles, 505 ppp, 120 Hz adaptativa, 2x Dynamic AMOLED, Gorilla Glass Victus 2, filtro de luz azul, HDR10+</li><li><strong>RAM</strong>: 12 GB</li><li><strong>APN principal:</strong> Sensor cuádruple 200 MP (OIS, apertura f/1,7, 200°) + 12 MP (gran angular 120°, apertura f/2,2) + 10 MP (telefoto, OIS, zoom óptico x3, Zoom espacial x30, apertura f/2.4, 36°) + 50 MP (teleobjetivo, OIS, zoom óptico x5, apertura f/3,4, 22°), Inteligencia Artificial, estabilización óptica, optimizador de escenas, encuadre profesional inteligente, vídeo 8K 30 fps / 4K 60 fps</li><li><strong>Cámara frontal:</strong> 12 MP, apertura f/2,2, enfoque automático, 80°, HDR10+, control de movimiento, control por voz, vídeo 4K 60 fps</li><li><strong>Almacenamiento</strong>: 256 GB</li><li><strong>Conectividad: </strong>5G LTE, NFC, Bluetooth 5.3, GPS, GLONASS, Beidou, Galileo, Wi-Fi 6E (2,4/5 GHz), lector ultrasónico de huellas dactilares bajo la pantalla, reconocimiento facial, USB tipo C</li><li><strong>Batería</strong> de 5000 mAh compatible con carga rápida de 45 W, carga inalámbrica de 10 W</li><li><strong>Dimensiones: </strong>162,3 x 79 x 8,6 mm, 232 g</li></ul>', '', 279, 0, 8, 5, 1),
(22, 'vivo Y36, Vibrant Gold, 256 GB, 8 GB RAM,', '<p><strong>vivo Y36, Vibrant Gold, 256 GB, 8 GB RAM, 6.64\" Full HD+, Snapdragon 680, 5000 mAh, Dual SIM, Android</strong></p><figure class=\"table\"><table><thead><tr><th><strong>Caracteristicas técnicas</strong></th><th>&nbsp;</th></tr></thead><tbody><tr><th>Tipo de dispositivo</th><td>Móvil</td></tr><tr><th>Procesador</th><td>Qualcomm Snapdragon 680</td></tr><tr><th>Capacidad memoria</th><td>256 GB</td></tr><tr><th>Admite SD</th><td>Sí</td></tr><tr><th>Tamaño de la memoria RAM</th><td>8 GB</td></tr><tr><th>Sensores</th><td>Acelerómetro, Luz ambiental, Proximidad, Brújula digital, Sensor de huellas, Giroscopio</td></tr><tr><th>Capacidad máxima SD</th><td>1 TB</td></tr><tr><th>Tamaño de la tarjeta SIM</th><td>Nano SIM</td></tr><tr><th>Sistema Operativo</th><td>Android</td></tr></tbody></table></figure><p>&nbsp;</p>', '', 299, 30, 3, 7, 1),
(23, 'Realme 12 Pro+ Azul 5G (512GB / 12G RAM)', '<p><strong>realme 12 Pro+, Azul, 512GB, 12G RAM, 6.7\" OLED, FHD+, Snapdragon® 7s Gen 2 5G, 5000mAh, Android</strong><br>&nbsp;</p><figure class=\"table\"><table><thead><tr><th><strong>Caracteristicas técnicas</strong></th><th>&nbsp;</th></tr></thead><tbody><tr><td>Tipo de dispositivo</td><td>Móvil</td></tr><tr><td>Sistema Operativo</td><td>Android</td></tr><tr><td>Procesador</td><td>Snapdragon® 7s Gen 2 5G</td></tr><tr><td>Capacidad memoria</td><td>512 GB</td></tr><tr><td>Admite SD</td><td>Sí</td></tr><tr><td>Tamaño de la memoria RAM</td><td>12 GB</td></tr><tr><td>Sensores</td><td>Luz sensor, acelerómetro, sensor proximidad,</td></tr><tr><td>Tamaño de la tarjeta SIM</td><td>Nano SIM</td></tr><tr><td>Versión del sistema operativo</td><td>Android 14</td></tr><tr><td>Sistema Operativo</td><td>Android</td></tr><tr><td>Inteligencia Artificial</td><td>No</td></tr></tbody></table></figure>', '', 549, 0, 1, 8, 1),
(24, ' HONOR Honor 70, Negro, 256 GB, 8 GB', '<p><strong>HONOR Honor 70, Negro, 256 GB, 8 GB RAM, 6,67 \", Snapdragon, 4800 mAh, Android</strong><br>&nbsp;</p><figure class=\"table\"><table><thead><tr><th><strong>Caracteristicas técnicas</strong></th><th>&nbsp;</th></tr></thead><tbody><tr><td>Tipo de dispositivo</td><td>Móvil</td></tr><tr><td>Procesador</td><td>Snapdragon</td></tr><tr><td>Capacidad memoria</td><td>256 GB</td></tr><tr><td>Tamaño de la memoria RAM</td><td>8 GB</td></tr><tr><td>Sensores</td><td>De proximidad</td></tr><tr><td>Tamaño de la tarjeta SIM</td><td>Nano SIM</td></tr><tr><td>Sistema Operativo</td><td>Android</td></tr></tbody></table></figure><figure class=\"table\"><table><thead><tr><th><strong>Pantalla</strong></th><th>&nbsp;</th></tr></thead><tbody><tr><td>Tamaño pantalla (cm)</td><td>16.9 cm</td></tr><tr><td>Tamaño pantalla (pulgadas)</td><td>6.67 \"</td></tr><tr><td>Tamaño Pantalla (cm/pulg.)</td><td>16.9 cm / 6.67 Zoll</td></tr><tr><td>Pantalla a Color</td><td>Sí</td></tr></tbody></table></figure>', '<p><strong>Descripción</strong></p><p>El Xiaomi Redmi A2 es un teléfono todo terreno que te permitirá disfrutar de tu día a día sin preocupaciones.</p><h3><strong>Cámara con IA</strong></h3><p>Su cámara dual con IA, compuesta por un sensor principal de 8MP y una segunda lente, te brinda<strong> fotos y videos detallados y ajustados automáticamente para cada captura.</strong></p><h3><strong>Gran batería</strong></h3><p>Su gran batería de 5000 mAh te permite jugar, trabajar y enfrentar el día sin necesidad de cargarlo constantemente y <strong>batería de bajo consumo.</strong></p><h3><strong>Potente procesador</strong></h3><p>Pero eso no es todo, el procesador Octa Core a 2,2 Ghz del Xiaomi Redmi A2 te brinda un <strong>rendimiento potente y eficiente</strong>, tanto para juegos como para redes sociales y navegación. Además, <strong>su memoria expandible de hasta 1TB</strong> te permite almacenar todas tus fotos, videos y aplicaciones sin tener que preocuparte por quedarte sin espacio.</p><p>En resumen, si estás buscando un teléfono resistente, potente y con una gran batería para disfrutar de tu día a día, el Xiaomi Redmi A2 es una excelente opción que no te decepcionará.</p>', 641, 51, 0, 9, 1),
(25, 'ONEPLUS 12, 5G Negro (512 GB / 16 GB RAM)', '<p><strong>ONEPLUS 12 6,82P/5G/8N/12+256GB/B, Negro, 512 GB, 16 GB RAM, 6,82 \", 3168 x 1440 pixel, Qualcomm Snapdragon 8 Gen3, 5400 mAh, Android</strong><br>&nbsp;</p><figure class=\"table\"><table><thead><tr><th><strong>Caracteristicas técnicas</strong></th><th>&nbsp;</th></tr></thead><tbody><tr><td>Tipo de dispositivo</td><td>Móvil</td></tr><tr><td>Procesador</td><td>Qualcomm Snapdragon 8 Gen3</td></tr><tr><td>Velocidad Procesador</td><td>3.3 GHz</td></tr><tr><td>Capacidad memoria</td><td>512 GB</td></tr><tr><td>Admite SD</td><td>No</td></tr><tr><td>Tamaño de la memoria RAM</td><td>16 GB</td></tr><tr><td>Tamaño de la tarjeta SIM</td><td>Nano SIM</td></tr><tr><td>Sistema Operativo</td><td>Android</td></tr></tbody></table></figure><figure class=\"table\"><table><thead><tr><th><strong>Pantalla</strong></th><th>&nbsp;</th></tr></thead><tbody><tr><td>Tamaño pantalla (cm)</td><td>17.32 cm</td></tr><tr><td>Tamaño pantalla (pulgadas)</td><td>6.82 \"</td></tr><tr><td>Tamaño Pantalla (cm/pulg.)</td><td>17.32 cm / 6.82 Zoll</td></tr><tr><td>Pantalla</td><td>3168 x 1440 pixel</td></tr><tr><td>Pantalla táctil</td><td>Sí</td></tr></tbody></table></figure><p><br>&nbsp;</p>', '', 1099, 8, 0, 10, 1),
(26, ' Google Pixel 8, Obsidiana, 256 GB, 8 GB', '<p><strong>Google Pixel 8, Obsidiana, 256 GB, 8 GB RAM, 6.2 \" OLED Full HD+, Google Tensor G3, 4.575 mAh, Android</strong><br>&nbsp;</p><figure class=\"table\"><table><thead><tr><th><strong>Caracteristicas técnicas</strong></th><th>&nbsp;</th></tr></thead><tbody><tr><td>Tipo de dispositivo</td><td>Móvil</td></tr><tr><td>Procesador</td><td>Google Tensor G3</td></tr><tr><td>Capacidad memoria</td><td>256 GB</td></tr><tr><td>Admite SD</td><td>No</td></tr><tr><td>Tamaño de la memoria RAM</td><td>8 GB</td></tr><tr><td>Sensores</td><td>Sensor de proximidad, Sensor de luz ambiente, Acelerómetro, Girómetro, Magnetómetro, Barómetro</td></tr><tr><td>Tamaño de la tarjeta SIM</td><td>Nano SIM</td></tr><tr><td>Sistema Operativo</td><td>Android</td></tr><tr><td>Inteligencia Artificial</td><td>Full IA</td></tr></tbody></table></figure>', '<p><strong>Descripción</strong></p><p>Descubre Pixel 8 Pro en color obsidiana, creado por Google. El chip Google Tensor G3 permite que tu teléfono sea rápido, y la Cámara Pixel hace fotos y vídeos increíbles. Pixel 8 Pro incorpora las funciones mejor valoradas en materia de seguridad y además, la batería dura todo el día.</p><h4><strong>La potencia de la IA de Google en Pixel</strong></h4><p><strong>Google Tensor G3</strong> es el chip más potente de Pixel hasta la fecha. Está diseñado a medida con la IA de Google para ofrecerte funciones de fotografía y vídeo de vanguardia, así como maneras más inteligentes de ayudarte durante todo el día. Y hace que Pixel 8 sea superrápido y eficiente.&nbsp;Además, cuenta con una <strong>RAM de 8 GB</strong> y una <strong>capacidad de 512 GB</strong>, para que no te falte de nada.</p><h4><strong>Una pantalla impresionante</strong></h4><p>La <strong>pantalla OLED inmersiva de 6.7 pulgadas</strong> de Pixel 8 Pro hace que todo se vea nítido y definido, con colores intensos y fieles a la realidad. La tasa de refresco <strong>se ajusta de forma inteligente entre 1 y 120 Hz</strong> para ofrecer una mejor respuesta y una mayor eficiencia energética.</p><h4><strong>Una batería superfiable que dura todo el día</strong></h4><p>La <strong>Batería Inteligente </strong>de Pixel puede durar más de <strong>24 horas</strong>. Si activas <strong>Ahorro de Batería Extremo, puede durar hasta 72 horas</strong>, para que no te quedes sin batería cuando más lo necesites. Y tu Pixel se carga más rápido que nunca.</p><h4><strong>Diseño elegante, moderno y sofisticado</strong></h4><p>Pixel 8 Pro tiene el <strong>diseño de Pixel más sofisticado </strong>hasta la fecha e incorpora un <strong>marco de aluminio pulido y un panel trasero de vidrio suave y mate</strong>. Está disponible en colores elegantes y se ha fabricado con materiales reciclados.</p><h4><strong>Los arañazos y los líquidos derramados no son un problema</strong></h4><p>Con su diseño duradero y la <strong>protección IP68</strong>, Pixel 8 Pro aguanta los descuidos, los líquidos derramados y el polvo. Además, es <strong>resistente a los arañazos</strong> gracias al recubrimiento de <strong>vidrio Corning® Gorilla® Glass Victus®</strong>.</p><h4><strong>Fotos y vídeos magníficos, siempre</strong></h4><p>El sistema de cámara de Pixel 8 Pro incluye <strong>lentes renovadas de nivel profesional </strong>que permiten hacer mejores fotos con poca luz y selfies más nítidos, y ofrecen el mejor zoom que ha tenido nunca Pixel. Y con los <strong>controles Pro</strong>, podrás acceder a ajustes avanzados de la cámara y hacer fotos a resolución completa. Todo esto con un sistema de <strong>cámara trasera triple de Gran Angular 50 MP f/1.68 + Ultra Gran Angular 48 MP f/1.95 + Teleobjetivo 48 MP f/2.8 + Sensor LDAF</strong>.</p><h4><strong>Vídeos increíbles en cada toma</strong></h4><p>La Cámara Pixel graba vídeos fluidos con una resolución asombrosa (hasta <strong>4K a 24, 30 y 60 FPS</strong>) y un audio nítido, incluso en lugares concurridos y poco iluminados.</p><h4><strong>Seguridad en la que puedes confiar</strong></h4><p>Google Tensor G3 y el <strong>chip de seguridad Titan M2</strong> aportan a Pixel varias capas de seguridad para que tu información personal esté protegida.</p><h4><strong>Producto Full IA</strong></h4><p>Son dispositivos o servicios que ofrecen <strong>capacidades avanzadas y autónomas de Inteligencia Artificial</strong>. Estos productos pueden aprender de las interacciones del usuario, adaptarse a las preferencias y tomar decisiones con una mínima intervención humana. Podrían incluir sofisticados algoritmos de aprendizaje automático, procesamiento de lenguaje natural y la capacidad de realizar tareas complejas de forma independiente.</p>', 509, 5, 0, 11, 1),
(27, 'SONY Xperia 10 IV, Negro, 128 GB, 6 GB', '<p><strong>SONY Xperia 10 IV, Negro, 128 GB, 6 GB RAM, 6 \", Full HD+, Snapdragon, 5000 mAh, Android</strong><br>&nbsp;</p><figure class=\"table\"><table><thead><tr><th><strong>Caracteristicas técnicas</strong></th><th>&nbsp;</th></tr></thead><tbody><tr><td>Tipo de dispositivo</td><td>Móvil</td></tr><tr><td>Sistema Operativo</td><td>Android</td></tr><tr><td>Procesador</td><td>Snapdragon</td></tr><tr><td>Velocidad Procesador</td><td>2x ARM Cortex-A78 Kerne bis zu 2.2 GHz + 6 Kerne ARM Cortex-A55 Basis bis zu 1.7 GHz</td></tr><tr><td>Capacidad memoria</td><td>128 GB</td></tr><tr><td>Admite SD</td><td>Sí</td></tr><tr><td>Tarjeta memoria</td><td>MicroSD</td></tr><tr><td>Tamaño de la memoria RAM</td><td>6 GB</td></tr><tr><td>Sensores</td><td>De proximidad</td></tr><tr><td>Capacidad máxima SD</td><td>1 TB</td></tr><tr><td>Bloqueo SIM libre</td><td>Sí</td></tr><tr><td>Tamaño de la tarjeta SIM</td><td>Nano SIM, eSim</td></tr><tr><td>Sistema Operativo</td><td>Android</td></tr><tr><td>Inteligencia Artificial</td><td>AI Ready</td></tr></tbody></table></figure>', '<p>&nbsp;</p><ul><li><p><strong>Modelo</strong></p><p>iPhone 15 Pro</p></li><li><p><strong>Dimensiones</strong></p><p>14,66cm x 7,06cm x 0,83cm</p></li><li><p><strong>Peso</strong></p><p>187gr</p></li><li><p><strong>Material</strong></p><p>Diseño de titanio.<br>Parte delantera con Ceramic Shield.<br>Parte trasera de vidrio mate texturizado</p></li><li><p><strong>Pantalla</strong></p><p>Pantalla Super Retina XDR OLED de 6,1 pulgadas.<br>Dynamic Island.<br>Resolución de 2.556 por 1.179 píxeles a 460 p/p.<br>Brillo máximo 2000 nits.<br>Tecnología ProMotion con frecuencia de actualización adaptativa de hasta 120 Hz.</p></li><li><p><strong>Chip</strong></p><p>Chip A17 Pro.<br>CPU de 6 núcleos (2 de rendimiento y 4 de eficiencia).<br>GPU de 6 núcleos.<br>Neural Engine de 16 núcleos.</p></li><li><p><strong>Cámara Gran angular</strong></p><p>Resolución 48 Mpx: 24 mm.<br>Apertura de ƒ/1,78.<br>Zoom x1.<br>Estabilización óptica de imagen por desplazamiento del sensor de segunda generación.<br>Compati­bilidad con fotos de altísima resolución (24 y 48 Mpx).</p></li><li><p><strong>Cámara Ultra gran angular</strong></p><p>Resolución 12 Mpx: 13 mm.<br>Apertura de ƒ/2,2.<br>Zoom x0,5.<br>Campo de visión de 120º.</p></li><li><p><strong>Cámara Teleobjetivo x2</strong></p><p>Resolución de 12 Mpx (gracias al sensor Quad Pixel): 52 mm.<br>Apertura de ƒ/1,78.<br>Zoom x2.<br>Estabili­zación óptica de imagen por desplazamiento del sensor de segunda generación.</p></li><li><p><strong>Cámara Teleobjetivo x3</strong></p><p>Resolución de 12 Mpx: 77 mm.<br>Zoom x3.<br>Apertura de ƒ/2,8.<br>Estabili­zación óptica de imagen.</p></li><li><p><strong>Cámara Frontal</strong></p><p>Resolución de 12 Mpx.<br>Apertura de ƒ/1,9.<br>Grabación en 4K hasta 60 f/s.</p></li><li><p><strong>Modos fotográficos</strong></p><p>Modo retrato.<br>Modo noche con escáner LiDAR.<br>Modo ráfaga.<br>Fotografías macro.<br>Fotografías panorámicas.<br>Fotografía Apple ProRAW.</p></li><li><p><strong>Grabación de vídeo</strong></p><p>Grabación de vídeo en HDR 4K hasta 60 f/s.<br>Modo Cine hasta 4K HDR a 30 f/s.<br>Modo Acción hasta 2,8K a 60 f/s.<br>Time-lapse.<br>Grabación de vídeo en LOG.<br>Sistema de codificación ACES.</p></li><li><p><strong>Batería y alimentación</strong></p><p>Reproducción de vídeo: Hasta 23 horas.<br>Streaming de vídeo: Hasta 20 horas.<br>Reproducción de audio: Hasta 75 horas.<br>Carga rápida: Hasta un 50 % en unos 30 minutos con un adaptador de 20W o superior (se vende por separado).</p></li><li><p><strong>Desbloqueo</strong></p><p>Face ID: Reconoci­miento facial mediante la cámara TrueDepth.</p></li><li><p><strong>MagSafe</strong></p><p>Carga inalámbrica de hasta 15W.<br>Conjunto de imanes.<br>Imán de alineación.<br>NFC para la identificación de accesorios.<br>Magnetómetro.</p></li><li><p><strong>Conexiones</strong></p><p>Conector USB‑C compatible con: Carga, DisplayPort, USB 3 (hasta 10 Gb/s).<br>Wi‑Fi 6 (802.11ax) con MIMO 2x2.<br>5G (sub‑6 GHz) con MIMO 4x4.<br>Bluetooth 5.3.<br>NFC con modo de lectura.<br>Chip U2 de banda ultraancha.</p></li><li><p><strong>Seguridad</strong></p><p>Emergencia SOS vía satélite.<br>Detección de accidentes de coche.</p></li><li><p><strong>Resistencia al agua y polvo</strong></p><p>Calificación IP68 según la norma IEC 60529 (hasta 6 metros de profundidad durante un máximo de 30 minutos).<br>La resistencia a las salpicaduras, el agua y el polvo no es permanente y puede disminuir como consecuencia del uso habitual.<br>La garantía no cubre los daños producidos por líquidos.</p></li><li><p><strong>Contenido de la caja</strong></p><p>iPhone con iOS 17.<br>Cable de carga USB‑C (1 m).<br>Documentación.</p></li><li><p><strong>SKU</strong></p><p>APIPL740</p></li></ul>', 524, 6, 3, 12, 1);

-- --------------------------------------------------------

--
-- Estructura de tabla para la tabla `usuarios`
--

CREATE TABLE `usuarios` (
  `id` int(11) NOT NULL,
  `usuario` varchar(30) NOT NULL,
  `password` varchar(120) NOT NULL,
  `activacion` int(11) NOT NULL DEFAULT 0,
  `token` varchar(40) NOT NULL,
  `token_password` varchar(40) DEFAULT NULL,
  `password_request` int(11) NOT NULL DEFAULT 0,
  `id_cliente` int(11) NOT NULL
) ENGINE=InnoDB DEFAULT CHARSET=utf8mb4 COLLATE=utf8mb4_general_ci;

--
-- Volcado de datos para la tabla `usuarios`
--

INSERT INTO `usuarios` (`id`, `usuario`, `password`, `activacion`, `token`, `token_password`, `password_request`, `id_cliente`) VALUES
(1, 'juan', '$2y$10$2m2xNr1iKhGoOtcPumDHauT/IB80EwMborzjyqVpwZ5e/9lTwKTQG', 1, '', '', 0, 1),
(2, 'mark', '$2y$10$JskM04a3GYnr1C/eELEBCeeSBU.INlbEFJls6eYEzj61pqGe8y53u', 2, '', '', 0, 2),
(3, 'admin', '$2y$10$XymCPiwthRcDlzEyxS03E.b3ybKLxgtafLcOSTv2Qa/gYs9yAalle', 1, '', NULL, 0, 3),
(12, 'Lucia2001', '$2y$10$13tt18oBuqMniA2QTlg.PehDHtygcn/yhg7VrNIY0/wKwlvnbE1ti', 1, '', '', 0, 12);

-- --------------------------------------------------------

--
-- Estructura de tabla para la tabla `valoraciones`
--

CREATE TABLE `valoraciones` (
  `id` int(11) NOT NULL,
  `producto_id` int(11) NOT NULL,
  `usuario_id` int(11) NOT NULL,
  `valoracion` int(11) DEFAULT NULL CHECK (`valoracion` between 1 and 5),
  `comentario` text DEFAULT NULL,
  `fecha` timestamp NOT NULL DEFAULT current_timestamp()
) ENGINE=InnoDB DEFAULT CHARSET=utf8mb4 COLLATE=utf8mb4_general_ci;

--
-- Volcado de datos para la tabla `valoraciones`
--

INSERT INTO `valoraciones` (`id`, `producto_id`, `usuario_id`, `valoracion`, `comentario`, `fecha`) VALUES
(1, 26, 1, 5, 'muy buenas producto me gust mucho', '2024-05-23 08:19:29'),
(2, 26, 2, 3, 'Decente la bateria no es duradera', '2024-05-23 08:26:09'),
(14, 24, 1, 5, 'bien ', '2024-05-23 09:46:16');

--
-- Índices para tablas volcadas
--

--
-- Indices de la tabla `admin`
--
ALTER TABLE `admin`
  ADD PRIMARY KEY (`id`);

--
-- Indices de la tabla `categorias`
--
ALTER TABLE `categorias`
  ADD PRIMARY KEY (`id`);

--
-- Indices de la tabla `clientes`
--
ALTER TABLE `clientes`
  ADD PRIMARY KEY (`id`);

--
-- Indices de la tabla `compra`
--
ALTER TABLE `compra`
  ADD PRIMARY KEY (`id`);

--
-- Indices de la tabla `configuracion`
--
ALTER TABLE `configuracion`
  ADD PRIMARY KEY (`id`);

--
-- Indices de la tabla `detalle_compra`
--
ALTER TABLE `detalle_compra`
  ADD PRIMARY KEY (`id`);

--
-- Indices de la tabla `productos`
--
ALTER TABLE `productos`
  ADD PRIMARY KEY (`id`);

--
-- Indices de la tabla `usuarios`
--
ALTER TABLE `usuarios`
  ADD PRIMARY KEY (`id`),
  ADD UNIQUE KEY `uq_usuario` (`usuario`);

--
-- Indices de la tabla `valoraciones`
--
ALTER TABLE `valoraciones`
  ADD PRIMARY KEY (`id`),
  ADD KEY `producto_id` (`producto_id`),
  ADD KEY `usuario_id` (`usuario_id`);

--
-- AUTO_INCREMENT de las tablas volcadas
--

--
-- AUTO_INCREMENT de la tabla `admin`
--
ALTER TABLE `admin`
  MODIFY `id` int(11) NOT NULL AUTO_INCREMENT, AUTO_INCREMENT=3;

--
-- AUTO_INCREMENT de la tabla `categorias`
--
ALTER TABLE `categorias`
  MODIFY `id` int(11) NOT NULL AUTO_INCREMENT, AUTO_INCREMENT=19;

--
-- AUTO_INCREMENT de la tabla `clientes`
--
ALTER TABLE `clientes`
  MODIFY `id` int(11) NOT NULL AUTO_INCREMENT, AUTO_INCREMENT=13;

--
-- AUTO_INCREMENT de la tabla `compra`
--
ALTER TABLE `compra`
  MODIFY `id` int(11) NOT NULL AUTO_INCREMENT, AUTO_INCREMENT=19;

--
-- AUTO_INCREMENT de la tabla `configuracion`
--
ALTER TABLE `configuracion`
  MODIFY `id` int(11) NOT NULL AUTO_INCREMENT, AUTO_INCREMENT=6;

--
-- AUTO_INCREMENT de la tabla `detalle_compra`
--
ALTER TABLE `detalle_compra`
  MODIFY `id` int(11) NOT NULL AUTO_INCREMENT, AUTO_INCREMENT=35;

--
-- AUTO_INCREMENT de la tabla `productos`
--
ALTER TABLE `productos`
  MODIFY `id` int(11) NOT NULL AUTO_INCREMENT, AUTO_INCREMENT=29;

--
-- AUTO_INCREMENT de la tabla `usuarios`
--
ALTER TABLE `usuarios`
  MODIFY `id` int(11) NOT NULL AUTO_INCREMENT, AUTO_INCREMENT=13;

--
-- AUTO_INCREMENT de la tabla `valoraciones`
--
ALTER TABLE `valoraciones`
  MODIFY `id` int(11) NOT NULL AUTO_INCREMENT, AUTO_INCREMENT=15;

--
-- Restricciones para tablas volcadas
--

--
-- Filtros para la tabla `valoraciones`
--
ALTER TABLE `valoraciones`
  ADD CONSTRAINT `valoraciones_ibfk_1` FOREIGN KEY (`producto_id`) REFERENCES `productos` (`id`),
  ADD CONSTRAINT `valoraciones_ibfk_2` FOREIGN KEY (`usuario_id`) REFERENCES `usuarios` (`id`);
COMMIT;

/*!40101 SET CHARACTER_SET_CLIENT=@OLD_CHARACTER_SET_CLIENT */;
/*!40101 SET CHARACTER_SET_RESULTS=@OLD_CHARACTER_SET_RESULTS */;
/*!40101 SET COLLATION_CONNECTION=@OLD_COLLATION_CONNECTION */;
